1: p1_glu1='-10', p2_ac1='-18', p3_o21='-7', p4_glu2='-10', p5_ac2='-18', p6_o22='-7',1,0.864494
2: p1_glu1='-4', p2_ac1='-4', p3_o21='-2', p4_glu2='-12', p5_ac2='-2', p6_o22='-1',2,0.33952
3: p1_glu1='-10', p2_ac1='-18', p3_o21='-6', p4_glu2='-8', p5_ac2='-8', p6_o22='-2',3,0.807988
4: p1_glu1='-10', p2_ac1='-2', p3_o21='-4', p4_glu2='-14', p5_ac2='-8', p6_o22='-6',4,0.731625
5: p1_glu1='-18', p2_ac1='-10', p3_o21='-1', p4_glu2='-2', p5_ac2='-14', p6_o22='-4',5,0.428193
6: p1_glu1='-8', p2_ac1='-10', p3_o21='-5', p4_glu2='-2', p5_ac2='-16', p6_o22='-3',6,0.86234
7: p1_glu1='-2', p2_ac1='-2', p3_o21='-3', p4_glu2='-12', p5_ac2='-8', p6_o22='-1',7,0.350637
8: p1_glu1='-2', p2_ac1='-12', p3_o21='-7', p4_glu2='-20', p5_ac2='-16', p6_o22='-7',8,0.744811
9: p1_glu1='-8', p2_ac1='-6', p3_o21='-1', p4_glu2='-14', p5_ac2='-4', p6_o22='-7',9,0.761618
10: p1_glu1='-2', p2_ac1='-18', p3_o21='-5', p4_glu2='-4', p5_ac2='-6', p6_o22='-5',10,0.95162
11: p1_glu1='-14', p2_ac1='-12', p3_o21='-4', p4_glu2='-4', p5_ac2='-10', p6_o22='-7',11,0.682493
12: p1_glu1='-20', p2_ac1='-14', p3_o21='-3', p4_glu2='-6', p5_ac2='-14', p6_o22='-3',12,0.56295
13: p1_glu1='-16', p2_ac1='-18', p3_o21='-2', p4_glu2='-16', p5_ac2='-18', p6_o22='-2',13,0.481422
14: p1_glu1='-18', p2_ac1='-12', p3_o21='-4', p4_glu2='-16', p5_ac2='-18', p6_o22='-6',14,0.647716
15: p1_glu1='-18', p2_ac1='-18', p3_o21='-3', p4_glu2='-10', p5_ac2='-6', p6_o22='-6',15,0.633786
16: p1_glu1='-4', p2_ac1='-6', p3_o21='-7', p4_glu2='-16', p5_ac2='-2', p6_o22='-7',16,0.760425
17: p1_glu1='-20', p2_ac1='-18', p3_o21='-3', p4_glu2='-2', p5_ac2='-12', p6_o22='-1',17,0.553611
18: p1_glu1='-14', p2_ac1='-2', p3_o21='-5', p4_glu2='-4', p5_ac2='-18', p6_o22='-1',18,0.623786
19: p1_glu1='-8', p2_ac1='-18', p3_o21='-3', p4_glu2='-4', p5_ac2='-2', p6_o22='-1',19,0.644951
20: p1_glu1='-16', p2_ac1='-8', p3_o21='-1', p4_glu2='-4', p5_ac2='-12', p6_o22='-4',20,0.485437
21: p1_glu1='-12', p2_ac1='-18', p3_o21='-1', p4_glu2='-10', p5_ac2='-18', p6_o22='-1',21,0.29646
22: p1_glu1='-4', p2_ac1='-8', p3_o21='-4', p4_glu2='-4', p5_ac2='-4', p6_o22='-6',22,0.940568
23: p1_glu1='-4', p2_ac1='0', p3_o21='-2', p4_glu2='-14', p5_ac2='-14', p6_o22='-7',23,0.824654
24: p1_glu1='-2', p2_ac1='-6', p3_o21='-6', p4_glu2='-14', p5_ac2='-12', p6_o22='-2',24,0.537597
25: p1_glu1='-2', p2_ac1='-2', p3_o21='-2', p4_glu2='-16', p5_ac2='-10', p6_o22='-7',25,0.752023
26: p1_glu1='-18', p2_ac1='-8', p3_o21='-3', p4_glu2='-6', p5_ac2='-4', p6_o22='-2',26,0.560303
27: p1_glu1='-4', p2_ac1='-2', p3_o21='-1', p4_glu2='-4', p5_ac2='-14', p6_o22='-7',27,0.936549
28: p1_glu1='-10', p2_ac1='-12', p3_o21='-4', p4_glu2='-10', p5_ac2='-8', p6_o22='-7',28,0.821838
29: p1_glu1='-2', p2_ac1='-4', p3_o21='-2', p4_glu2='-4', p5_ac2='-10', p6_o22='-7',29,0.984716
30: p1_glu1='-18', p2_ac1='-10', p3_o21='-5', p4_glu2='-16', p5_ac2='-12', p6_o22='-3',30,0.624897
31: p1_glu1='-4', p2_ac1='0', p3_o21='-1', p4_glu2='-8', p5_ac2='0', p6_o22='-7',31,0.651224
32: p1_glu1='-2', p2_ac1='-4', p3_o21='-6', p4_glu2='-8', p5_ac2='-18', p6_o22='-5',32,0.858004
33: p1_glu1='-12', p2_ac1='-18', p3_o21='-2', p4_glu2='-2', p5_ac2='0', p6_o22='-5',33,0.53399
34: p1_glu1='-20', p2_ac1='-2', p3_o21='-4', p4_glu2='-12', p5_ac2='-6', p6_o22='-1',34,0.53244
35: p1_glu1='-12', p2_ac1='0', p3_o21='-1', p4_glu2='-4', p5_ac2='-8', p6_o22='-6',35,0.615667
36: p1_glu1='-2', p2_ac1='-14', p3_o21='-4', p4_glu2='-2', p5_ac2='-10', p6_o22='-6',36,0.937169
37: p1_glu1='-12', p2_ac1='-10', p3_o21='-2', p4_glu2='-2', p5_ac2='-10', p6_o22='-5',37,0.55488
38: p1_glu1='-18', p2_ac1='-18', p3_o21='-7', p4_glu2='-12', p5_ac2='-2', p6_o22='-5',38,0.730263
39: p1_glu1='-12', p2_ac1='-14', p3_o21='-2', p4_glu2='-4', p5_ac2='-4', p6_o22='-6',39,0.613513
40: p1_glu1='-6', p2_ac1='0', p3_o21='-1', p4_glu2='-12', p5_ac2='-8', p6_o22='-7',40,0.836349
41: p1_glu1='-12', p2_ac1='-10', p3_o21='-1', p4_glu2='-4', p5_ac2='-2', p6_o22='-7',41,0.586191
42: p1_glu1='-8', p2_ac1='-6', p3_o21='-4', p4_glu2='-8', p5_ac2='-12', p6_o22='-4',42,0.748837
43: p1_glu1='-12', p2_ac1='-12', p3_o21='-2', p4_glu2='-4', p5_ac2='-10', p6_o22='-7',43,0.654538
44: p1_glu1='-2', p2_ac1='-10', p3_o21='-3', p4_glu2='-4', p5_ac2='-10', p6_o22='-6',44,0.979069
45: p1_glu1='-14', p2_ac1='-2', p3_o21='-7', p4_glu2='-10', p5_ac2='0', p6_o22='-4',45,0.728676
46: p1_glu1='-2', p2_ac1='-14', p3_o21='-1', p4_glu2='-2', p5_ac2='-14', p6_o22='-5',46,1.00107
47: p1_glu1='-20', p2_ac1='-6', p3_o21='-3', p4_glu2='-18', p5_ac2='-8', p6_o22='-7',47,0.667793
48: p1_glu1='-2', p2_ac1='-16', p3_o21='-3', p4_glu2='-4', p5_ac2='-14', p6_o22='-6',48,0.979473
49: p1_glu1='-6', p2_ac1='-2', p3_o21='-1', p4_glu2='-2', p5_ac2='-16', p6_o22='-5',49,0.672874
50: p1_glu1='-4', p2_ac1='-12', p3_o21='-2', p4_glu2='-4', p5_ac2='-12', p6_o22='-6',50,0.923166
51: p1_glu1='-12', p2_ac1='-2', p3_o21='-7', p4_glu2='-6', p5_ac2='-14', p6_o22='-1',51,0.758257
52: p1_glu1='-4', p2_ac1='-10', p3_o21='-2', p4_glu2='-2', p5_ac2='-14', p6_o22='-5',52,0.837692
53: p1_glu1='-12', p2_ac1='-2', p3_o21='-1', p4_glu2='-12', p5_ac2='-12', p6_o22='-2',53,0.437178
54: p1_glu1='-2', p2_ac1='-14', p3_o21='-2', p4_glu2='-4', p5_ac2='-16', p6_o22='-5',54,0.95835
55: p1_glu1='-2', p2_ac1='-4', p3_o21='-5', p4_glu2='-2', p5_ac2='-6', p6_o22='-2',55,0.984086
56: p1_glu1='-6', p2_ac1='-10', p3_o21='-3', p4_glu2='-20', p5_ac2='-8', p6_o22='-2',56,0.51307
57: p1_glu1='-2', p2_ac1='-4', p3_o21='-5', p4_glu2='-2', p5_ac2='-12', p6_o22='-2',57,0.984916
58: p1_glu1='-4', p2_ac1='-12', p3_o21='-5', p4_glu2='-18', p5_ac2='-16', p6_o22='-1',58,0.496112
59: p1_glu1='-2', p2_ac1='-6', p3_o21='-5', p4_glu2='-4', p5_ac2='-12', p6_o22='-2',59,0.838592
60: p1_glu1='-6', p2_ac1='-6', p3_o21='-6', p4_glu2='-16', p5_ac2='-10', p6_o22='-6',60,0.726318
61: p1_glu1='-2', p2_ac1='-6', p3_o21='-2', p4_glu2='-4', p5_ac2='-4', p6_o22='-2',61,0.514721
62: p1_glu1='-12', p2_ac1='-16', p3_o21='-1', p4_glu2='-4', p5_ac2='0', p6_o22='-2',62,0.310922
63: p1_glu1='-2', p2_ac1='-16', p3_o21='-7', p4_glu2='-4', p5_ac2='-2', p6_o22='-4',63,0.960307
64: p1_glu1='-20', p2_ac1='-10', p3_o21='-7', p4_glu2='-12', p5_ac2='-2', p6_o22='-7',64,0.734083
65: p1_glu1='-2', p2_ac1='-18', p3_o21='-7', p4_glu2='-4', p5_ac2='-2', p6_o22='-5',65,0.964061
66: p1_glu1='-2', p2_ac1='-18', p3_o21='-7', p4_glu2='-4', p5_ac2='0', p6_o22='-5',66,0.971688
67: p1_glu1='-8', p2_ac1='-18', p3_o21='-1', p4_glu2='-2', p5_ac2='-10', p6_o22='-4',67,0.539872
68: p1_glu1='-2', p2_ac1='-16', p3_o21='-7', p4_glu2='-4', p5_ac2='0', p6_o22='-5',68,0.978663
69: p1_glu1='-14', p2_ac1='0', p3_o21='-1', p4_glu2='-4', p5_ac2='0', p6_o22='-2',69,0.301537
70: p1_glu1='-2', p2_ac1='-16', p3_o21='-7', p4_glu2='-2', p5_ac2='0', p6_o22='-5',70,0.937169
71: p1_glu1='-6', p2_ac1='0', p3_o21='-1', p4_glu2='-2', p5_ac2='0', p6_o22='-2',71,0.33787
72: p1_glu1='-2', p2_ac1='-2', p3_o21='-4', p4_glu2='-4', p5_ac2='0', p6_o22='-6',72,0.929584
73: p1_glu1='-20', p2_ac1='-10', p3_o21='-2', p4_glu2='-14', p5_ac2='-14', p6_o22='-3',73,0.516183
74: p1_glu1='-10', p2_ac1='-18', p3_o21='-7', p4_glu2='-12', p5_ac2='-18', p6_o22='-5',74,0.801491
75: p1_glu1='-16', p2_ac1='-6', p3_o21='-6', p4_glu2='-4', p5_ac2='0', p6_o22='-5',75,0.721358
76: p1_glu1='-6', p2_ac1='-16', p3_o21='-5', p4_glu2='-12', p5_ac2='-18', p6_o22='-5',76,0.765154
77: p1_glu1='-2', p2_ac1='-14', p3_o21='-1', p4_glu2='-2', p5_ac2='-18', p6_o22='-4',77,0.887427
78: p1_glu1='-6', p2_ac1='-16', p3_o21='-6', p4_glu2='-18', p5_ac2='-10', p6_o22='-3',78,0.618176
79: p1_glu1='-2', p2_ac1='-14', p3_o21='-1', p4_glu2='-2', p5_ac2='-14', p6_o22='-4',79,0.88732
80: p1_glu1='-20', p2_ac1='0', p3_o21='-7', p4_glu2='-12', p5_ac2='-2', p6_o22='-1',80,0.419024
81: p1_glu1='-2', p2_ac1='-16', p3_o21='-1', p4_glu2='-4', p5_ac2='-14', p6_o22='-4',81,0.88987
82: p1_glu1='-12', p2_ac1='-10', p3_o21='-1', p4_glu2='-14', p5_ac2='-18', p6_o22='-5',82,0.641841
83: p1_glu1='-2', p2_ac1='-14', p3_o21='-1', p4_glu2='-4', p5_ac2='-4', p6_o22='-3',83,0.773285
84: p1_glu1='-14', p2_ac1='-12', p3_o21='-7', p4_glu2='-2', p5_ac2='-18', p6_o22='-3',84,0.811407
85: p1_glu1='-2', p2_ac1='-18', p3_o21='-1', p4_glu2='-4', p5_ac2='0', p6_o22='-3',85,0.550928
86: p1_glu1='-12', p2_ac1='-6', p3_o21='-3', p4_glu2='-14', p5_ac2='-16', p6_o22='-2',86,0.538744
87: p1_glu1='-2', p2_ac1='-16', p3_o21='-3', p4_glu2='-4', p5_ac2='-18', p6_o22='-3',87,0.826978
88: p1_glu1='-2', p2_ac1='0', p3_o21='-2', p4_glu2='-4', p5_ac2='-10', p6_o22='-6',88,0.954415
89: p1_glu1='-10', p2_ac1='-14', p3_o21='-6', p4_glu2='-18', p5_ac2='-8', p6_o22='-4',89,0.661793
90: p1_glu1='-2', p2_ac1='-18', p3_o21='-2', p4_glu2='-4', p5_ac2='-6', p6_o22='-6',90,0.952139
91: p1_glu1='-8', p2_ac1='-8', p3_o21='-6', p4_glu2='-14', p5_ac2='-10', p6_o22='-4',91,0.706702
92: p1_glu1='-2', p2_ac1='-18', p3_o21='-2', p4_glu2='-4', p5_ac2='-8', p6_o22='-5',92,0.958196
93: p1_glu1='-18', p2_ac1='-12', p3_o21='-6', p4_glu2='-18', p5_ac2='-10', p6_o22='-1',93,0.612747
94: p1_glu1='-2', p2_ac1='0', p3_o21='-3', p4_glu2='-2', p5_ac2='-2', p6_o22='-5',94,0.980615
95: p1_glu1='-10', p2_ac1='-16', p3_o21='-7', p4_glu2='-12', p5_ac2='-4', p6_o22='-2',95,0.769074
96: p1_glu1='-2', p2_ac1='0', p3_o21='-2', p4_glu2='-6', p5_ac2='-8', p6_o22='-5',96,0.895687
97: p1_glu1='-12', p2_ac1='-10', p3_o21='-7', p4_glu2='-14', p5_ac2='-14', p6_o22='-6',97,0.795856
98: p1_glu1='-2', p2_ac1='-18', p3_o21='-3', p4_glu2='-6', p5_ac2='-6', p6_o22='-5',98,0.883758
99: p1_glu1='-2', p2_ac1='-18', p3_o21='-1', p4_glu2='-2', p5_ac2='0', p6_o22='-6',99,0.867323
100: p1_glu1='-8', p2_ac1='-14', p3_o21='-6', p4_glu2='-2', p5_ac2='-2', p6_o22='-6',100,0.88974
101: p1_glu1='-2', p2_ac1='-18', p3_o21='-1', p4_glu2='-4', p5_ac2='-4', p6_o22='-5',101,0.943676
102: p1_glu1='-20', p2_ac1='-18', p3_o21='-7', p4_glu2='-18', p5_ac2='-12', p6_o22='-5',102,0.704735
103: p1_glu1='-2', p2_ac1='-4', p3_o21='-1', p4_glu2='-4', p5_ac2='-4', p6_o22='-6',103,0.95673
104: p1_glu1='-10', p2_ac1='-10', p3_o21='-4', p4_glu2='-10', p5_ac2='-14', p6_o22='-4',104,0.690283
105: p1_glu1='-2', p2_ac1='-18', p3_o21='-1', p4_glu2='-4', p5_ac2='-4', p6_o22='-6',105,0.95679
106: p1_glu1='-18', p2_ac1='-6', p3_o21='-6', p4_glu2='-16', p5_ac2='-10', p6_o22='-3',106,0.654236
107: p1_glu1='-2', p2_ac1='-2', p3_o21='-1', p4_glu2='-4', p5_ac2='0', p6_o22='-6',107,0.847401
108: p1_glu1='-10', p2_ac1='-10', p3_o21='-4', p4_glu2='-4', p5_ac2='-8', p6_o22='-5',108,0.750849
109: p1_glu1='-2', p2_ac1='0', p3_o21='-1', p4_glu2='-4', p5_ac2='-4', p6_o22='-7',109,0.955365
110: p1_glu1='-4', p2_ac1='0', p3_o21='-7', p4_glu2='-8', p5_ac2='0', p6_o22='-2',110,0.647642
111: p1_glu1='-16', p2_ac1='-10', p3_o21='-7', p4_glu2='-20', p5_ac2='-2', p6_o22='-7',111,0.727451
112: p1_glu1='-8', p2_ac1='-4', p3_o21='-6', p4_glu2='-4', p5_ac2='0', p6_o22='-2',112,0.87214
113: p1_glu1='-4', p2_ac1='-12', p3_o21='-5', p4_glu2='-6', p5_ac2='-8', p6_o22='-2',113,0.816876
114: p1_glu1='-10', p2_ac1='-2', p3_o21='-6', p4_glu2='-10', p5_ac2='0', p6_o22='-2',114,0.702101
115: p1_glu1='-12', p2_ac1='-16', p3_o21='-5', p4_glu2='-14', p5_ac2='-8', p6_o22='-2',115,0.643105
116: p1_glu1='-14', p2_ac1='-4', p3_o21='-6', p4_glu2='-8', p5_ac2='0', p6_o22='-2',116,0.71114
117: p1_glu1='-16', p2_ac1='-18', p3_o21='-1', p4_glu2='-14', p5_ac2='-18', p6_o22='-6',117,0.650968
118: p1_glu1='-4', p2_ac1='-4', p3_o21='-5', p4_glu2='-2', p5_ac2='0', p6_o22='-2',118,0.944479
119: p1_glu1='-12', p2_ac1='-2', p3_o21='-5', p4_glu2='-10', p5_ac2='-10', p6_o22='-4',119,0.685141
120: p1_glu1='-2', p2_ac1='-2', p3_o21='-3', p4_glu2='-2', p5_ac2='0', p6_o22='-1',120,0.436292
121: p1_glu1='-2', p2_ac1='0', p3_o21='-3', p4_glu2='-2', p5_ac2='-18', p6_o22='-4',121,0.931618
122: p1_glu1='-10', p2_ac1='-12', p3_o21='-1', p4_glu2='-18', p5_ac2='-6', p6_o22='-1',122,0.291746
123: p1_glu1='-2', p2_ac1='0', p3_o21='-4', p4_glu2='-2', p5_ac2='-12', p6_o22='-4',123,0.937169
124: p1_glu1='-8', p2_ac1='-18', p3_o21='-3', p4_glu2='-4', p5_ac2='-12', p6_o22='-3',124,0.678691
125: p1_glu1='-2', p2_ac1='0', p3_o21='-5', p4_glu2='-4', p5_ac2='-14', p6_o22='-4',125,0.908862
126: p1_glu1='-12', p2_ac1='-8', p3_o21='-5', p4_glu2='-6', p5_ac2='-2', p6_o22='-1',126,0.718953
127: p1_glu1='-2', p2_ac1='0', p3_o21='-4', p4_glu2='-4', p5_ac2='-12', p6_o22='-4',127,0.909919
128: p1_glu1='-10', p2_ac1='-18', p3_o21='-5', p4_glu2='-12', p5_ac2='0', p6_o22='-7',128,0.832282
129: p1_glu1='-2', p2_ac1='0', p3_o21='-7', p4_glu2='-4', p5_ac2='-16', p6_o22='-4',129,0.910976
130: p1_glu1='-20', p2_ac1='0', p3_o21='-6', p4_glu2='-20', p5_ac2='-8', p6_o22='-1',130,0.383965
131: p1_glu1='-4', p2_ac1='-2', p3_o21='-4', p4_glu2='-2', p5_ac2='-8', p6_o22='-4',131,0.889378
132: p1_glu1='-4', p2_ac1='0', p3_o21='-1', p4_glu2='-2', p5_ac2='0', p6_o22='-2',132,0.34075
133: p1_glu1='-4', p2_ac1='-10', p3_o21='-5', p4_glu2='-12', p5_ac2='-4', p6_o22='-5',133,0.755401
134: p1_glu1='-2', p2_ac1='-6', p3_o21='-1', p4_glu2='-2', p5_ac2='0', p6_o22='-2',134,0.192251
135: p1_glu1='-8', p2_ac1='-10', p3_o21='-1', p4_glu2='-4', p5_ac2='-2', p6_o22='-1',135,0.303899
136: p1_glu1='-4', p2_ac1='-4', p3_o21='-1', p4_glu2='-2', p5_ac2='-12', p6_o22='-2',136,0.34075
137: p1_glu1='-8', p2_ac1='-8', p3_o21='-4', p4_glu2='-8', p5_ac2='-14', p6_o22='-4',137,0.748837
138: p1_glu1='-2', p2_ac1='-10', p3_o21='-1', p4_glu2='-2', p5_ac2='-8', p6_o22='-2',138,0.192251
139: p1_glu1='-2', p2_ac1='0', p3_o21='-4', p4_glu2='-8', p5_ac2='0', p6_o22='-2',139,0.414494
140: p1_glu1='-4', p2_ac1='-2', p3_o21='-1', p4_glu2='-2', p5_ac2='-6', p6_o22='-2',140,0.34075
141: p1_glu1='-2', p2_ac1='-16', p3_o21='-4', p4_glu2='-14', p5_ac2='-6', p6_o22='-1',141,0.457855
142: p1_glu1='-2', p2_ac1='-2', p3_o21='-4', p4_glu2='-2', p5_ac2='-16', p6_o22='-2',142,0.890659
143: p1_glu1='-2', p2_ac1='-16', p3_o21='-7', p4_glu2='-2', p5_ac2='-8', p6_o22='-1',143,0
144: p1_glu1='-4', p2_ac1='0', p3_o21='-6', p4_glu2='-20', p5_ac2='-18', p6_o22='-4',144,0.63154
145: p1_glu1='-2', p2_ac1='-18', p3_o21='-7', p4_glu2='-2', p5_ac2='-8', p6_o22='-1',145,0
146: p1_glu1='-14', p2_ac1='-16', p3_o21='-5', p4_glu2='-14', p5_ac2='-18', p6_o22='-5',146,0.692486
147: p1_glu1='-4', p2_ac1='0', p3_o21='-6', p4_glu2='-2', p5_ac2='-8', p6_o22='-3',147,0.936172
148: p1_glu1='-10', p2_ac1='-6', p3_o21='-4', p4_glu2='-6', p5_ac2='0', p6_o22='-4',148,0.726062
149: p1_glu1='-4', p2_ac1='0', p3_o21='-5', p4_glu2='-2', p5_ac2='-12', p6_o22='-3',149,0.853125
150: p1_glu1='-8', p2_ac1='-10', p3_o21='-7', p4_glu2='-18', p5_ac2='-12', p6_o22='-6',150,0.722695
151: p1_glu1='-4', p2_ac1='0', p3_o21='-6', p4_glu2='-2', p5_ac2='-4', p6_o22='-3',151,0.936622
152: p1_glu1='-16', p2_ac1='0', p3_o21='-2', p4_glu2='-20', p5_ac2='-8', p6_o22='-6',152,0.630861
153: p1_glu1='-4', p2_ac1='0', p3_o21='-5', p4_glu2='-2', p5_ac2='-10', p6_o22='-3',153,0.85362
154: p1_glu1='-6', p2_ac1='-4', p3_o21='-7', p4_glu2='-4', p5_ac2='-16', p6_o22='-2',154,0.942603
155: p1_glu1='-18', p2_ac1='-6', p3_o21='-2', p4_glu2='-18', p5_ac2='-12', p6_o22='-6',155,0.647206
156: p1_glu1='-6', p2_ac1='0', p3_o21='-7', p4_glu2='-2', p5_ac2='-6', p6_o22='-2',156,0.789082
157: p1_glu1='-2', p2_ac1='-18', p3_o21='-6', p4_glu2='-8', p5_ac2='-16', p6_o22='-4',157,0.790893
158: p1_glu1='-8', p2_ac1='0', p3_o21='-7', p4_glu2='-4', p5_ac2='-4', p6_o22='-2',158,0.689751
159: p1_glu1='-20', p2_ac1='-10', p3_o21='-5', p4_glu2='-10', p5_ac2='-4', p6_o22='-2',159,0.614218
160: p1_glu1='-10', p2_ac1='-2', p3_o21='-7', p4_glu2='-2', p5_ac2='0', p6_o22='-2',160,0.821797
161: p1_glu1='-2', p2_ac1='-12', p3_o21='-3', p4_glu2='-18', p5_ac2='0', p6_o22='-3',161,0.411821
162: p1_glu1='-8', p2_ac1='-4', p3_o21='-7', p4_glu2='-4', p5_ac2='0', p6_o22='-2',162,0.912671
163: p1_glu1='-8', p2_ac1='-12', p3_o21='-7', p4_glu2='-12', p5_ac2='-2', p6_o22='-5',163,0.790872
164: p1_glu1='-6', p2_ac1='-4', p3_o21='-7', p4_glu2='-2', p5_ac2='-2', p6_o22='-2',164,0.955298
165: p1_glu1='-2', p2_ac1='-2', p3_o21='-3', p4_glu2='-2', p5_ac2='-10', p6_o22='-2',165,0.540388
166: p1_glu1='-16', p2_ac1='-8', p3_o21='-4', p4_glu2='-14', p5_ac2='-10', p6_o22='-3',166,0.603233
167: p1_glu1='-4', p2_ac1='-12', p3_o21='-3', p4_glu2='-4', p5_ac2='-16', p6_o22='-2',167,0.76815
168: p1_glu1='-16', p2_ac1='-12', p3_o21='-4', p4_glu2='-10', p5_ac2='-12', p6_o22='-3',168,0.617832
169: p1_glu1='-4', p2_ac1='-2', p3_o21='-3', p4_glu2='-4', p5_ac2='-6', p6_o22='-2',169,0.67004
170: p1_glu1='-18', p2_ac1='-6', p3_o21='-4', p4_glu2='-10', p5_ac2='-16', p6_o22='-5',170,0.646193
171: p1_glu1='-6', p2_ac1='-10', p3_o21='-3', p4_glu2='-4', p5_ac2='-2', p6_o22='-2',171,0.720674
172: p1_glu1='-14', p2_ac1='-4', p3_o21='-6', p4_glu2='-14', p5_ac2='-18', p6_o22='-6',172,0.728633
173: p1_glu1='-2', p2_ac1='-8', p3_o21='-3', p4_glu2='-2', p5_ac2='-4', p6_o22='-2',173,0.540388
174: p1_glu1='-16', p2_ac1='-6', p3_o21='-5', p4_glu2='-6', p5_ac2='-6', p6_o22='-5',174,0.683029
175: p1_glu1='-2', p2_ac1='-12', p3_o21='-5', p4_glu2='-2', p5_ac2='-16', p6_o22='-2',175,0.980108
176: p1_glu1='-6', p2_ac1='-14', p3_o21='-6', p4_glu2='-10', p5_ac2='-18', p6_o22='-4',176,0.782183
177: p1_glu1='-2', p2_ac1='-12', p3_o21='-5', p4_glu2='-4', p5_ac2='-12', p6_o22='-2',177,0.839898
178: p1_glu1='-10', p2_ac1='-14', p3_o21='-1', p4_glu2='-2', p5_ac2='-14', p6_o22='-6',178,0.556652
179: p1_glu1='-2', p2_ac1='-12', p3_o21='-5', p4_glu2='-2', p5_ac2='-8', p6_o22='-2',179,0.98797
180: p1_glu1='-6', p2_ac1='-14', p3_o21='-4', p4_glu2='-10', p5_ac2='-14', p6_o22='-6',180,0.849646
181: p1_glu1='-2', p2_ac1='-14', p3_o21='-5', p4_glu2='-2', p5_ac2='-14', p6_o22='-2',181,0.986123
182: p1_glu1='-2', p2_ac1='-8', p3_o21='-4', p4_glu2='-4', p5_ac2='0', p6_o22='-3',182,0.855986
183: p1_glu1='-2', p2_ac1='-14', p3_o21='-7', p4_glu2='-2', p5_ac2='0', p6_o22='-2',183,0
184: p1_glu1='-2', p2_ac1='-14', p3_o21='-7', p4_glu2='-2', p5_ac2='-4', p6_o22='-3',184,0
185: p1_glu1='-2', p2_ac1='-10', p3_o21='-5', p4_glu2='-2', p5_ac2='0', p6_o22='-2',185,0.984126
186: p1_glu1='-8', p2_ac1='-6', p3_o21='-6', p4_glu2='-4', p5_ac2='-12', p6_o22='-5',186,0.8955
187: p1_glu1='-2', p2_ac1='-10', p3_o21='-6', p4_glu2='-2', p5_ac2='0', p6_o22='-2',187,0
188: p1_glu1='-8', p2_ac1='-8', p3_o21='-1', p4_glu2='-18', p5_ac2='-16', p6_o22='-3',188,0.532615
189: p1_glu1='-2', p2_ac1='-12', p3_o21='-5', p4_glu2='-2', p5_ac2='0', p6_o22='-2',189,0.981069
190: p1_glu1='-10', p2_ac1='-14', p3_o21='-1', p4_glu2='-4', p5_ac2='-4', p6_o22='-3',190,0.477833
191: p1_glu1='-12', p2_ac1='-8', p3_o21='-4', p4_glu2='-10', p5_ac2='-4', p6_o22='-7',191,0.770903
192: p1_glu1='-8', p2_ac1='-10', p3_o21='-5', p4_glu2='-2', p5_ac2='0', p6_o22='-3',192,0.863029
193: p1_glu1='-4', p2_ac1='-16', p3_o21='-3', p4_glu2='-14', p5_ac2='-4', p6_o22='-1',193,0.415647
194: p1_glu1='-2', p2_ac1='-10', p3_o21='-5', p4_glu2='-4', p5_ac2='0', p6_o22='-2',194,0.837999
195: p1_glu1='-2', p2_ac1='-4', p3_o21='-6', p4_glu2='-2', p5_ac2='-8', p6_o22='-2',195,0
196: p1_glu1='-18', p2_ac1='-12', p3_o21='-2', p4_glu2='-2', p5_ac2='-6', p6_o22='-7',196,0.525195
197: p1_glu1='-2', p2_ac1='-4', p3_o21='-6', p4_glu2='-2', p5_ac2='-2', p6_o22='-3',197,0
198: p1_glu1='-20', p2_ac1='-12', p3_o21='-3', p4_glu2='-4', p5_ac2='-6', p6_o22='-6',198,0.573189
199: p1_glu1='-2', p2_ac1='-2', p3_o21='-6', p4_glu2='-2', p5_ac2='-12', p6_o22='-2',199,0
200: p1_glu1='-20', p2_ac1='-14', p3_o21='-2', p4_glu2='-18', p5_ac2='-6', p6_o22='-7',200,0.635805
201: p1_glu1='-2', p2_ac1='0', p3_o21='-6', p4_glu2='-2', p5_ac2='-12', p6_o22='-2',201,0.859818
202: p1_glu1='-2', p2_ac1='0', p3_o21='-6', p4_glu2='-16', p5_ac2='-2', p6_o22='-5',202,0.638747
203: p1_glu1='-4', p2_ac1='-12', p3_o21='-7', p4_glu2='-2', p5_ac2='-10', p6_o22='-2',203,0.984598
204: p1_glu1='-8', p2_ac1='-8', p3_o21='-5', p4_glu2='-4', p5_ac2='-16', p6_o22='-1',204,0.826993
205: p1_glu1='-2', p2_ac1='-16', p3_o21='-5', p4_glu2='-2', p5_ac2='-8', p6_o22='-2',205,0.985503
206: p1_glu1='-8', p2_ac1='-4', p3_o21='-2', p4_glu2='-12', p5_ac2='-16', p6_o22='-3',206,0.583407
207: p1_glu1='-2', p2_ac1='-14', p3_o21='-5', p4_glu2='-2', p5_ac2='-6', p6_o22='-2',207,0.985337
208: p1_glu1='-18', p2_ac1='0', p3_o21='-6', p4_glu2='-10', p5_ac2='-8', p6_o22='-4',208,0.669653
209: p1_glu1='-12', p2_ac1='-4', p3_o21='-7', p4_glu2='-2', p5_ac2='-14', p6_o22='-4',209,0.846566
210: p1_glu1='-2', p2_ac1='-14', p3_o21='-6', p4_glu2='-20', p5_ac2='-16', p6_o22='-5',210,0.655407
211: p1_glu1='-2', p2_ac1='-16', p3_o21='-5', p4_glu2='-2', p5_ac2='-6', p6_o22='-2',211,0.987008
212: p1_glu1='-8', p2_ac1='-16', p3_o21='-7', p4_glu2='-6', p5_ac2='-6', p6_o22='-3',212,0.880829
213: p1_glu1='-4', p2_ac1='-14', p3_o21='-5', p4_glu2='-2', p5_ac2='-2', p6_o22='-2',213,0.9582
214: p1_glu1='-6', p2_ac1='-16', p3_o21='-5', p4_glu2='-10', p5_ac2='-6', p6_o22='-6',214,0.848157
215: p1_glu1='-4', p2_ac1='-16', p3_o21='-7', p4_glu2='-2', p5_ac2='-2', p6_o22='-3',215,0.974288
216: p1_glu1='-10', p2_ac1='-18', p3_o21='-5', p4_glu2='-16', p5_ac2='-12', p6_o22='-2',216,0.614721
217: p1_glu1='-4', p2_ac1='-14', p3_o21='-6', p4_glu2='-2', p5_ac2='0', p6_o22='-3',217,0.983808
218: p1_glu1='-18', p2_ac1='-12', p3_o21='-5', p4_glu2='-6', p5_ac2='-16', p6_o22='-5',218,0.68755
219: p1_glu1='-4', p2_ac1='-18', p3_o21='-6', p4_glu2='-2', p5_ac2='0', p6_o22='-2',219,0.954415
220: p1_glu1='-16', p2_ac1='-10', p3_o21='-5', p4_glu2='-14', p5_ac2='0', p6_o22='-6',220,0.698942
221: p1_glu1='-6', p2_ac1='-16', p3_o21='-7', p4_glu2='-2', p5_ac2='-6', p6_o22='-3',221,0.986315
222: p1_glu1='-14', p2_ac1='-4', p3_o21='-4', p4_glu2='-12', p5_ac2='-18', p6_o22='-1',222,0.594565
223: p1_glu1='-4', p2_ac1='-16', p3_o21='-6', p4_glu2='-4', p5_ac2='-14', p6_o22='-2',223,0.923807
224: p1_glu1='-4', p2_ac1='-10', p3_o21='-4', p4_glu2='-10', p5_ac2='-18', p6_o22='-5',224,0.806429
225: p1_glu1='-2', p2_ac1='-14', p3_o21='-5', p4_glu2='-2', p5_ac2='-4', p6_o22='-2',225,0.983809
226: p1_glu1='-8', p2_ac1='-16', p3_o21='-7', p4_glu2='-10', p5_ac2='-16', p6_o22='-5',226,0.839793
227: p1_glu1='-2', p2_ac1='-16', p3_o21='-7', p4_glu2='-2', p5_ac2='-6', p6_o22='-2',227,0
228: p1_glu1='-12', p2_ac1='-14', p3_o21='-4', p4_glu2='-18', p5_ac2='-14', p6_o22='-6',228,0.676764
229: p1_glu1='-2', p2_ac1='-16', p3_o21='-7', p4_glu2='-2', p5_ac2='-12', p6_o22='-2',229,0
230: p1_glu1='-10', p2_ac1='-12', p3_o21='-2', p4_glu2='-14', p5_ac2='0', p6_o22='-2',230,0.408076
231: p1_glu1='-2', p2_ac1='0', p3_o21='-7', p4_glu2='-2', p5_ac2='-16', p6_o22='-7',231,0.937169
232: p1_glu1='-10', p2_ac1='-4', p3_o21='-5', p4_glu2='-8', p5_ac2='0', p6_o22='-4',232,0.755584
233: p1_glu1='-2', p2_ac1='0', p3_o21='-6', p4_glu2='-2', p5_ac2='-16', p6_o22='-5',233,0.937169
234: p1_glu1='-18', p2_ac1='-8', p3_o21='-4', p4_glu2='-14', p5_ac2='-16', p6_o22='-4',234,0.618121
235: p1_glu1='-6', p2_ac1='-18', p3_o21='-7', p4_glu2='-2', p5_ac2='0', p6_o22='-2',235,0.98628
236: p1_glu1='-4', p2_ac1='0', p3_o21='-2', p4_glu2='-20', p5_ac2='-16', p6_o22='-3',236,0.571401
237: p1_glu1='-6', p2_ac1='-14', p3_o21='-7', p4_glu2='-2', p5_ac2='0', p6_o22='-2',237,0.986163
238: p1_glu1='-2', p2_ac1='-14', p3_o21='-1', p4_glu2='-10', p5_ac2='-10', p6_o22='-2',238,0.512892
239: p1_glu1='-4', p2_ac1='-16', p3_o21='-7', p4_glu2='-2', p5_ac2='-2', p6_o22='-2',239,0.984638
240: p1_glu1='-10', p2_ac1='-16', p3_o21='-6', p4_glu2='-20', p5_ac2='-18', p6_o22='-1',240,0.590092
241: p1_glu1='-4', p2_ac1='-14', p3_o21='-6', p4_glu2='-2', p5_ac2='0', p6_o22='-2',241,0.954243
242: p1_glu1='-6', p2_ac1='-10', p3_o21='-4', p4_glu2='-20', p5_ac2='-2', p6_o22='-3',242,0.566033
243: p1_glu1='-12', p2_ac1='-2', p3_o21='-3', p4_glu2='-12', p5_ac2='-18', p6_o22='-1',243,0.507085
244: p1_glu1='-6', p2_ac1='-14', p3_o21='-7', p4_glu2='-2', p5_ac2='-4', p6_o22='-2',244,0.970408
245: p1_glu1='-10', p2_ac1='-18', p3_o21='-4', p4_glu2='-2', p5_ac2='0', p6_o22='-3',245,0.723273
246: p1_glu1='-14', p2_ac1='-12', p3_o21='-7', p4_glu2='-8', p5_ac2='-8', p6_o22='-1',246,0.781444
247: p1_glu1='-4', p2_ac1='-14', p3_o21='-4', p4_glu2='-2', p5_ac2='-2', p6_o22='-2',247,0.904697
248: p1_glu1='-14', p2_ac1='-12', p3_o21='-4', p4_glu2='-2', p5_ac2='-16', p6_o22='-6',248,0.673786
249: p1_glu1='-4', p2_ac1='0', p3_o21='-4', p4_glu2='-2', p5_ac2='0', p6_o22='-3',249,0.680944
250: p1_glu1='-8', p2_ac1='0', p3_o21='-3', p4_glu2='-10', p5_ac2='-6', p6_o22='-6',250,0.812901
251: p1_glu1='-6', p2_ac1='-18', p3_o21='-4', p4_glu2='-2', p5_ac2='-16', p6_o22='-2',251,0.831387
252: p1_glu1='-12', p2_ac1='-8', p3_o21='-2', p4_glu2='-18', p5_ac2='-18', p6_o22='-2',252,0.480438
253: p1_glu1='-6', p2_ac1='-2', p3_o21='-4', p4_glu2='-2', p5_ac2='0', p6_o22='-2',253,0.783359
254: p1_glu1='-16', p2_ac1='0', p3_o21='-5', p4_glu2='-20', p5_ac2='-14', p6_o22='-1',254,0.360409
255: p1_glu1='-2', p2_ac1='-14', p3_o21='-6', p4_glu2='-2', p5_ac2='-4', p6_o22='-4',255,0.937169
256: p1_glu1='-10', p2_ac1='-18', p3_o21='-1', p4_glu2='-6', p5_ac2='-8', p6_o22='-2',256,0.378382
257: p1_glu1='-2', p2_ac1='-8', p3_o21='-7', p4_glu2='-2', p5_ac2='-6', p6_o22='-4',257,0.937169
258: p1_glu1='-16', p2_ac1='-6', p3_o21='-1', p4_glu2='-2', p5_ac2='-10', p6_o22='-5',258,0.472425
259: p1_glu1='-2', p2_ac1='-14', p3_o21='-7', p4_glu2='-2', p5_ac2='-16', p6_o22='-4',259,0.937169
260: p1_glu1='-8', p2_ac1='-14', p3_o21='-4', p4_glu2='-18', p5_ac2='-16', p6_o22='-1',260,0.523349
261: p1_glu1='-2', p2_ac1='-12', p3_o21='-6', p4_glu2='-2', p5_ac2='-16', p6_o22='-4',261,0.937169
262: p1_glu1='-8', p2_ac1='-16', p3_o21='-3', p4_glu2='-16', p5_ac2='-14', p6_o22='-3',262,0.577131
263: p1_glu1='-2', p2_ac1='0', p3_o21='-6', p4_glu2='-6', p5_ac2='-8', p6_o22='-2',263,0.576264
264: p1_glu1='-8', p2_ac1='0', p3_o21='-1', p4_glu2='-2', p5_ac2='-6', p6_o22='-1',264,0.30023
265: p1_glu1='-2', p2_ac1='-12', p3_o21='-6', p4_glu2='-2', p5_ac2='-16', p6_o22='-2',265,0
266: p1_glu1='-8', p2_ac1='-12', p3_o21='-1', p4_glu2='-4', p5_ac2='-2', p6_o22='-7',266,0.759863
267: p1_glu1='-2', p2_ac1='-18', p3_o21='-6', p4_glu2='-2', p5_ac2='-14', p6_o22='-2',267,0
268: p1_glu1='-14', p2_ac1='-8', p3_o21='-1', p4_glu2='-2', p5_ac2='-10', p6_o22='-7',268,0.531338
269: p1_glu1='-2', p2_ac1='-14', p3_o21='-6', p4_glu2='-2', p5_ac2='-8', p6_o22='-2',269,0
270: p1_glu1='-10', p2_ac1='-18', p3_o21='-7', p4_glu2='-20', p5_ac2='-18', p6_o22='-3',270,0.639345
271: p1_glu1='-2', p2_ac1='-12', p3_o21='-6', p4_glu2='-2', p5_ac2='0', p6_o22='-2',271,0
272: p1_glu1='-6', p2_ac1='-18', p3_o21='-4', p4_glu2='-20', p5_ac2='-12', p6_o22='-1',272,0.479853
273: p1_glu1='-2', p2_ac1='-16', p3_o21='-6', p4_glu2='-6', p5_ac2='-16', p6_o22='-2',273,0.740625
274: p1_glu1='-12', p2_ac1='-12', p3_o21='-5', p4_glu2='-8', p5_ac2='-6', p6_o22='-1',274,0.710911
275: p1_glu1='-2', p2_ac1='-18', p3_o21='-5', p4_glu2='-2', p5_ac2='-12', p6_o22='-1',275,0.998909
276: p1_glu1='-16', p2_ac1='-8', p3_o21='-3', p4_glu2='-2', p5_ac2='-16', p6_o22='-5',276,0.589156
277: p1_glu1='-2', p2_ac1='-18', p3_o21='-5', p4_glu2='-2', p5_ac2='-6', p6_o22='-1',277,0.998131
278: p1_glu1='-10', p2_ac1='-6', p3_o21='-5', p4_glu2='-4', p5_ac2='-2', p6_o22='-1',278,0.777418
279: p1_glu1='-2', p2_ac1='-18', p3_o21='-5', p4_glu2='-2', p5_ac2='0', p6_o22='-1',279,1.00322
280: p1_glu1='-20', p2_ac1='-2', p3_o21='-7', p4_glu2='-16', p5_ac2='-10', p6_o22='-1',280,0.593726
281: p1_glu1='-2', p2_ac1='-18', p3_o21='-5', p4_glu2='-2', p5_ac2='-6', p6_o22='-3',281,0.985617
282: p1_glu1='-6', p2_ac1='-14', p3_o21='-3', p4_glu2='-16', p5_ac2='-16', p6_o22='-3',282,0.570348
283: p1_glu1='-2', p2_ac1='-18', p3_o21='-5', p4_glu2='-2', p5_ac2='-8', p6_o22='-2',283,0.979751
284: p1_glu1='-8', p2_ac1='-18', p3_o21='-6', p4_glu2='-18', p5_ac2='-6', p6_o22='-3',284,0.622773
285: p1_glu1='-16', p2_ac1='-6', p3_o21='-7', p4_glu2='-10', p5_ac2='-14', p6_o22='-6',285,0.785395
286: p1_glu1='-14', p2_ac1='-18', p3_o21='-6', p4_glu2='-10', p5_ac2='-16', p6_o22='-3',286,0.732107
287: p1_glu1='-2', p2_ac1='-18', p3_o21='-5', p4_glu2='-2', p5_ac2='-8', p6_o22='-1',287,1.00327
288: p1_glu1='-6', p2_ac1='-2', p3_o21='-2', p4_glu2='-2', p5_ac2='-12', p6_o22='-3',288,0.60468
289: p1_glu1='-14', p2_ac1='-10', p3_o21='-5', p4_glu2='-18', p5_ac2='-8', p6_o22='-3',289,0.617669
290: p1_glu1='-14', p2_ac1='-4', p3_o21='-2', p4_glu2='-12', p5_ac2='-6', p6_o22='-5',290,0.645726
291: p1_glu1='-2', p2_ac1='-18', p3_o21='-5', p4_glu2='-2', p5_ac2='-14', p6_o22='-1',291,0.998037
292: p1_glu1='-18', p2_ac1='-18', p3_o21='-3', p4_glu2='-8', p5_ac2='-14', p6_o22='-6',292,0.617078
293: p1_glu1='-2', p2_ac1='-18', p3_o21='-5', p4_glu2='-2', p5_ac2='-16', p6_o22='-1',293,1.00567
294: p1_glu1='-14', p2_ac1='-10', p3_o21='-1', p4_glu2='-2', p5_ac2='-2', p6_o22='-4',294,0.35172
295: p1_glu1='-6', p2_ac1='-12', p3_o21='-7', p4_glu2='-2', p5_ac2='-8', p6_o22='-1',295,0.958538
296: p1_glu1='-20', p2_ac1='-16', p3_o21='-2', p4_glu2='-14', p5_ac2='-18', p6_o22='-7',296,0.649437
297: p1_glu1='-4', p2_ac1='-6', p3_o21='-6', p4_glu2='-2', p5_ac2='0', p6_o22='-1',297,0.96275
298: p1_glu1='-8', p2_ac1='0', p3_o21='-5', p4_glu2='-20', p5_ac2='-10', p6_o22='-6',298,0.679703
299: p1_glu1='-6', p2_ac1='-6', p3_o21='-6', p4_glu2='-2', p5_ac2='-8', p6_o22='-1',299,0.916442
300: p1_glu1='-18', p2_ac1='-4', p3_o21='-5', p4_glu2='-20', p5_ac2='-18', p6_o22='-6',300,0.674742
301: p1_glu1='-4', p2_ac1='-8', p3_o21='-6', p4_glu2='-2', p5_ac2='-16', p6_o22='-1',301,0.966383
302: p1_glu1='-18', p2_ac1='-6', p3_o21='-7', p4_glu2='-10', p5_ac2='-14', p6_o22='-3',302,0.740194
303: p1_glu1='-6', p2_ac1='-12', p3_o21='-6', p4_glu2='-2', p5_ac2='-12', p6_o22='-1',303,0.928613
304: p1_glu1='-12', p2_ac1='0', p3_o21='-2', p4_glu2='-16', p5_ac2='-18', p6_o22='-2',304,0.482144
305: p1_glu1='-2', p2_ac1='0', p3_o21='-7', p4_glu2='-2', p5_ac2='-12', p6_o22='-2',305,0.859818
306: p1_glu1='-2', p2_ac1='-16', p3_o21='-3', p4_glu2='-14', p5_ac2='-16', p6_o22='-4',306,0.654628
307: p1_glu1='-2', p2_ac1='0', p3_o21='-7', p4_glu2='-2', p5_ac2='-4', p6_o22='-3',307,0.913342
308: p1_glu1='-20', p2_ac1='-14', p3_o21='-6', p4_glu2='-8', p5_ac2='-16', p6_o22='-6',308,0.694956
309: p1_glu1='-16', p2_ac1='0', p3_o21='-4', p4_glu2='-2', p5_ac2='-2', p6_o22='-5',309,0.442249
310: p1_glu1='-4', p2_ac1='-18', p3_o21='-7', p4_glu2='-2', p5_ac2='0', p6_o22='-2',310,0.984276
311: p1_glu1='-18', p2_ac1='-2', p3_o21='-4', p4_glu2='-20', p5_ac2='-14', p6_o22='-7',311,0.668351
312: p1_glu1='-4', p2_ac1='-18', p3_o21='-7', p4_glu2='-2', p5_ac2='-4', p6_o22='-2',312,0.984675
313: p1_glu1='-4', p2_ac1='-2', p3_o21='-2', p4_glu2='-6', p5_ac2='0', p6_o22='-7',313,0.779609
314: p1_glu1='-14', p2_ac1='-14', p3_o21='-2', p4_glu2='-18', p5_ac2='-10', p6_o22='-4',314,0.575463
315: p1_glu1='-2', p2_ac1='0', p3_o21='-5', p4_glu2='-2', p5_ac2='-6', p6_o22='-1',315,0.867573
316: p1_glu1='-2', p2_ac1='-12', p3_o21='-7', p4_glu2='-10', p5_ac2='-14', p6_o22='-6',316,0.838821
317: p1_glu1='-2', p2_ac1='0', p3_o21='-5', p4_glu2='-2', p5_ac2='-12', p6_o22='-1',317,0.867573
318: p1_glu1='-6', p2_ac1='-4', p3_o21='-4', p4_glu2='-16', p5_ac2='0', p6_o22='-7',318,0.676833
319: p1_glu1='-4', p2_ac1='-8', p3_o21='-6', p4_glu2='-8', p5_ac2='-18', p6_o22='-5',319,0.866675
320: p1_glu1='-2', p2_ac1='0', p3_o21='-5', p4_glu2='-2', p5_ac2='-4', p6_o22='-2',320,0.859818
321: p1_glu1='-10', p2_ac1='-16', p3_o21='-5', p4_glu2='-16', p5_ac2='-12', p6_o22='-6',321,0.712721
322: p1_glu1='-2', p2_ac1='-14', p3_o21='-4', p4_glu2='-2', p5_ac2='-2', p6_o22='-1',322,0.887553
323: p1_glu1='-18', p2_ac1='0', p3_o21='-6', p4_glu2='-2', p5_ac2='-8', p6_o22='-1',323,0.456818
324: p1_glu1='-2', p2_ac1='-4', p3_o21='-4', p4_glu2='-2', p5_ac2='-2', p6_o22='-2',324,0.92002
325: p1_glu1='-4', p2_ac1='-18', p3_o21='-5', p4_glu2='-2', p5_ac2='-18', p6_o22='-1',325,0.959994
326: p1_glu1='-6', p2_ac1='-8', p3_o21='-5', p4_glu2='-16', p5_ac2='-6', p6_o22='-7',326,0.764771
327: p1_glu1='-4', p2_ac1='-14', p3_o21='-5', p4_glu2='-2', p5_ac2='-18', p6_o22='-1',327,0.960122
328: p1_glu1='-12', p2_ac1='-8', p3_o21='-6', p4_glu2='-14', p5_ac2='-12', p6_o22='-4',328,0.714531
329: p1_glu1='-2', p2_ac1='-16', p3_o21='-6', p4_glu2='-4', p5_ac2='-10', p6_o22='-3',329,0.901831
330: p1_glu1='-4', p2_ac1='-4', p3_o21='-5', p4_glu2='-2', p5_ac2='-2', p6_o22='-2',330,0.948211
331: p1_glu1='-2', p2_ac1='-6', p3_o21='-6', p4_glu2='-4', p5_ac2='-4', p6_o22='-3',331,0.893597
332: p1_glu1='-4', p2_ac1='-18', p3_o21='-2', p4_glu2='-14', p5_ac2='0', p6_o22='-6',332,0.505141
333: p1_glu1='-2', p2_ac1='-14', p3_o21='-7', p4_glu2='-4', p5_ac2='-4', p6_o22='-1',333,0
334: p1_glu1='-10', p2_ac1='-12', p3_o21='-4', p4_glu2='-12', p5_ac2='-10', p6_o22='-2',334,0.608765
335: p1_glu1='-2', p2_ac1='0', p3_o21='-7', p4_glu2='-6', p5_ac2='-10', p6_o22='-1',335,0.468774
336: p1_glu1='-12', p2_ac1='-6', p3_o21='-3', p4_glu2='-12', p5_ac2='-10', p6_o22='-4',336,0.624087
337: p1_glu1='-2', p2_ac1='0', p3_o21='-6', p4_glu2='-4', p5_ac2='0', p6_o22='-1',337,0.667446
338: p1_glu1='-4', p2_ac1='-6', p3_o21='-7', p4_glu2='-10', p5_ac2='-10', p6_o22='-3',338,0.721403
339: p1_glu1='-4', p2_ac1='-18', p3_o21='-1', p4_glu2='-2', p5_ac2='-10', p6_o22='-6',339,0.943221
340: p1_glu1='-20', p2_ac1='-12', p3_o21='-3', p4_glu2='-10', p5_ac2='-2', p6_o22='-4',340,0.568722
341: p1_glu1='-4', p2_ac1='-18', p3_o21='-1', p4_glu2='-2', p5_ac2='-14', p6_o22='-5',341,0.838329
342: p1_glu1='-8', p2_ac1='-14', p3_o21='-7', p4_glu2='-10', p5_ac2='-14', p6_o22='-5',342,0.838638
343: p1_glu1='-4', p2_ac1='-18', p3_o21='-5', p4_glu2='-2', p5_ac2='-8', p6_o22='-6',343,0.961358
344: p1_glu1='-18', p2_ac1='0', p3_o21='-4', p4_glu2='-14', p5_ac2='-2', p6_o22='-5',344,0.571767
345: p1_glu1='-4', p2_ac1='-18', p3_o21='-6', p4_glu2='-2', p5_ac2='-18', p6_o22='-3',345,0.974709
346: p1_glu1='-6', p2_ac1='-10', p3_o21='-4', p4_glu2='-6', p5_ac2='-4', p6_o22='-5',346,0.854885
347: p1_glu1='-6', p2_ac1='-18', p3_o21='-6', p4_glu2='-4', p5_ac2='-8', p6_o22='-3',347,0.916524
348: p1_glu1='-4', p2_ac1='-2', p3_o21='-3', p4_glu2='-4', p5_ac2='-4', p6_o22='-2',348,0.671917
349: p1_glu1='-4', p2_ac1='-18', p3_o21='-7', p4_glu2='-4', p5_ac2='-16', p6_o22='-3',349,0.963458
350: p1_glu1='-20', p2_ac1='-12', p3_o21='-1', p4_glu2='-20', p5_ac2='-14', p6_o22='-3',350,0.490374
351: p1_glu1='-8', p2_ac1='-18', p3_o21='-7', p4_glu2='-2', p5_ac2='-14', p6_o22='-3',351,0.918318
352: p1_glu1='-8', p2_ac1='-6', p3_o21='-5', p4_glu2='-12', p5_ac2='-6', p6_o22='-5',352,0.751804
353: p1_glu1='-8', p2_ac1='-18', p3_o21='-7', p4_glu2='-2', p5_ac2='-12', p6_o22='-3',353,0.918069
354: p1_glu1='-12', p2_ac1='-14', p3_o21='-2', p4_glu2='-2', p5_ac2='-10', p6_o22='-2',354,0.515482
355: p1_glu1='-18', p2_ac1='-16', p3_o21='-4', p4_glu2='-12', p5_ac2='-18', p6_o22='-1',355,0.582974
356: p1_glu1='-20', p2_ac1='-12', p3_o21='-6', p4_glu2='-8', p5_ac2='-6', p6_o22='-3',356,0.688425
357: p1_glu1='-2', p2_ac1='-4', p3_o21='-5', p4_glu2='-2', p5_ac2='-12', p6_o22='-3',357,0.989362
358: p1_glu1='-6', p2_ac1='-14', p3_o21='-6', p4_glu2='-14', p5_ac2='-10', p6_o22='-2',358,0.639752
359: p1_glu1='-2', p2_ac1='-8', p3_o21='-5', p4_glu2='-2', p5_ac2='-18', p6_o22='-3',359,0.986572
360: p1_glu1='-2', p2_ac1='-12', p3_o21='-5', p4_glu2='-2', p5_ac2='-4', p6_o22='-4',360,0.937169
361: p1_glu1='-4', p2_ac1='-14', p3_o21='-7', p4_glu2='-2', p5_ac2='0', p6_o22='-3',361,0.973285
362: p1_glu1='-20', p2_ac1='-12', p3_o21='-3', p4_glu2='-8', p5_ac2='-14', p6_o22='-1',362,0.548632
363: p1_glu1='-2', p2_ac1='-8', p3_o21='-3', p4_glu2='-4', p5_ac2='0', p6_o22='-6',363,0.936172
364: p1_glu1='-6', p2_ac1='-4', p3_o21='-6', p4_glu2='-14', p5_ac2='-8', p6_o22='-1',364,0.607041
365: p1_glu1='-2', p2_ac1='-18', p3_o21='-6', p4_glu2='-2', p5_ac2='-6', p6_o22='-3',365,0
366: p1_glu1='-10', p2_ac1='0', p3_o21='-3', p4_glu2='-18', p5_ac2='-12', p6_o22='-7',366,0.745992
367: p1_glu1='-2', p2_ac1='-8', p3_o21='-6', p4_glu2='-2', p5_ac2='-18', p6_o22='-3',367,0
368: p1_glu1='-14', p2_ac1='-4', p3_o21='-3', p4_glu2='-16', p5_ac2='-18', p6_o22='-4',368,0.59881
369: p1_glu1='-18', p2_ac1='-10', p3_o21='-3', p4_glu2='-20', p5_ac2='-8', p6_o22='-4',369,0.566089
370: p1_glu1='-18', p2_ac1='-16', p3_o21='-2', p4_glu2='-8', p5_ac2='-2', p6_o22='-2',370,0.483454
371: p1_glu1='-16', p2_ac1='-16', p3_o21='-1', p4_glu2='-2', p5_ac2='-14', p6_o22='-3',371,0.354523
372: p1_glu1='-12', p2_ac1='0', p3_o21='-5', p4_glu2='-2', p5_ac2='-12', p6_o22='-2',372,0.484861
373: p1_glu1='-14', p2_ac1='0', p3_o21='-3', p4_glu2='-2', p5_ac2='-4', p6_o22='-6',373,0.578406
374: p1_glu1='-2', p2_ac1='-12', p3_o21='-3', p4_glu2='-18', p5_ac2='-10', p6_o22='-5',374,0.660262
375: p1_glu1='-10', p2_ac1='-2', p3_o21='-3', p4_glu2='-10', p5_ac2='-6', p6_o22='-1',375,0.530737
376: p1_glu1='-16', p2_ac1='-2', p3_o21='-5', p4_glu2='-16', p5_ac2='-18', p6_o22='-4',376,0.621297
377: p1_glu1='-2', p2_ac1='-6', p3_o21='-7', p4_glu2='-2', p5_ac2='-4', p6_o22='-5',377,0.937169
378: p1_glu1='-18', p2_ac1='-8', p3_o21='-7', p4_glu2='-12', p5_ac2='-6', p6_o22='-5',378,0.722263
379: p1_glu1='-4', p2_ac1='-16', p3_o21='-4', p4_glu2='-2', p5_ac2='0', p6_o22='-1',379,0.889941
380: p1_glu1='-18', p2_ac1='-12', p3_o21='-1', p4_glu2='-4', p5_ac2='-6', p6_o22='-5',380,0.496112
381: p1_glu1='-4', p2_ac1='-18', p3_o21='-4', p4_glu2='-2', p5_ac2='-2', p6_o22='-1',381,0.88987
382: p1_glu1='-4', p2_ac1='-12', p3_o21='-6', p4_glu2='-14', p5_ac2='-4', p6_o22='-3',382,0.637713
383: p1_glu1='-4', p2_ac1='-16', p3_o21='-4', p4_glu2='-2', p5_ac2='-2', p6_o22='-1',383,0.889727
384: p1_glu1='-18', p2_ac1='-2', p3_o21='-4', p4_glu2='-16', p5_ac2='-16', p6_o22='-4',384,0.594807
385: p1_glu1='-4', p2_ac1='-6', p3_o21='-6', p4_glu2='-6', p5_ac2='-4', p6_o22='-2',385,0.846611
386: p1_glu1='-6', p2_ac1='0', p3_o21='-4', p4_glu2='-2', p5_ac2='-4', p6_o22='-7',386,0.871428
387: p1_glu1='-4', p2_ac1='-8', p3_o21='-6', p4_glu2='-6', p5_ac2='-14', p6_o22='-2',387,0.848593
388: p1_glu1='-14', p2_ac1='0', p3_o21='-5', p4_glu2='-8', p5_ac2='-12', p6_o22='-4',388,0.70608
389: p1_glu1='-4', p2_ac1='-4', p3_o21='-6', p4_glu2='-6', p5_ac2='-14', p6_o22='-2',389,0.835893
390: p1_glu1='-14', p2_ac1='-6', p3_o21='-2', p4_glu2='-16', p5_ac2='-4', p6_o22='-1',390,0.413997
391: p1_glu1='-6', p2_ac1='-18', p3_o21='-7', p4_glu2='-6', p5_ac2='0', p6_o22='-3',391,0.931712
392: p1_glu1='-10', p2_ac1='-18', p3_o21='-7', p4_glu2='-16', p5_ac2='-12', p6_o22='-4',392,0.717867
393: p1_glu1='-6', p2_ac1='-8', p3_o21='-7', p4_glu2='-6', p5_ac2='-2', p6_o22='-2',393,0.91105
394: p1_glu1='-20', p2_ac1='-12', p3_o21='-1', p4_glu2='-16', p5_ac2='-8', p6_o22='-3',394,0.490119
395: p1_glu1='-4', p2_ac1='-12', p3_o21='-3', p4_glu2='-2', p5_ac2='-16', p6_o22='-1',395,0.773368
396: p1_glu1='-4', p2_ac1='0', p3_o21='-2', p4_glu2='-16', p5_ac2='-2', p6_o22='-4',396,0.596147
397: p1_glu1='-4', p2_ac1='-16', p3_o21='-3', p4_glu2='-2', p5_ac2='-16', p6_o22='-2',397,0.794973
398: p1_glu1='-16', p2_ac1='-10', p3_o21='-1', p4_glu2='-12', p5_ac2='-8', p6_o22='-3',398,0.50544
399: p1_glu1='-2', p2_ac1='-8', p3_o21='-1', p4_glu2='-4', p5_ac2='-18', p6_o22='-5',399,0.960058
400: p1_glu1='-14', p2_ac1='-14', p3_o21='-6', p4_glu2='-16', p5_ac2='-12', p6_o22='-1',400,0.661062
401: p1_glu1='-2', p2_ac1='-14', p3_o21='-1', p4_glu2='-2', p5_ac2='-16', p6_o22='-5',401,1.0033
402: p1_glu1='-16', p2_ac1='-14', p3_o21='-7', p4_glu2='-10', p5_ac2='-6', p6_o22='-4',402,0.766943
403: p1_glu1='-6', p2_ac1='-10', p3_o21='-3', p4_glu2='-2', p5_ac2='-16', p6_o22='-2',403,0.726755
404: p1_glu1='-12', p2_ac1='-2', p3_o21='-7', p4_glu2='-16', p5_ac2='0', p6_o22='-1',404,0.641042
405: p1_glu1='-2', p2_ac1='-14', p3_o21='-5', p4_glu2='-2', p5_ac2='-6', p6_o22='-1',405,0.992544
406: p1_glu1='-18', p2_ac1='-14', p3_o21='-2', p4_glu2='-8', p5_ac2='-16', p6_o22='-1',406,0.484535
407: p1_glu1='-2', p2_ac1='-14', p3_o21='-5', p4_glu2='-2', p5_ac2='-8', p6_o22='-1',407,0.99387
408: p1_glu1='-20', p2_ac1='-4', p3_o21='-4', p4_glu2='-18', p5_ac2='-18', p6_o22='-7',408,0.667029
409: p1_glu1='-16', p2_ac1='-16', p3_o21='-1', p4_glu2='-20', p5_ac2='-8', p6_o22='-6',409,0.644729
410: p1_glu1='-2', p2_ac1='-16', p3_o21='-5', p4_glu2='-2', p5_ac2='-4', p6_o22='-1',410,1.00073
411: p1_glu1='-16', p2_ac1='-6', p3_o21='-3', p4_glu2='-16', p5_ac2='-6', p6_o22='-5',411,0.626017
412: p1_glu1='-2', p2_ac1='-16', p3_o21='-5', p4_glu2='-2', p5_ac2='0', p6_o22='-1',412,0.998331
413: p1_glu1='-4', p2_ac1='-18', p3_o21='-1', p4_glu2='-4', p5_ac2='-12', p6_o22='-7',413,0.93617
414: p1_glu1='-2', p2_ac1='-8', p3_o21='-5', p4_glu2='-2', p5_ac2='0', p6_o22='-1',414,1.00534
415: p1_glu1='-2', p2_ac1='-18', p3_o21='-5', p4_glu2='-6', p5_ac2='-16', p6_o22='-1',415,0.671262
416: p1_glu1='-16', p2_ac1='-16', p3_o21='-6', p4_glu2='-14', p5_ac2='-12', p6_o22='-1',416,0.65682
417: p1_glu1='-2', p2_ac1='-16', p3_o21='-5', p4_glu2='-6', p5_ac2='0', p6_o22='-1',417,0.679689
418: p1_glu1='-16', p2_ac1='-8', p3_o21='-1', p4_glu2='-16', p5_ac2='-8', p6_o22='-7',418,0.687215
419: p1_glu1='-20', p2_ac1='-16', p3_o21='-5', p4_glu2='-6', p5_ac2='-4', p6_o22='-4',419,0.646798
420: p1_glu1='-2', p2_ac1='-18', p3_o21='-5', p4_glu2='-4', p5_ac2='0', p6_o22='-1',420,0.831861
421: p1_glu1='-12', p2_ac1='-8', p3_o21='-6', p4_glu2='-6', p5_ac2='-16', p6_o22='-4',421,0.819421
422: p1_glu1='-2', p2_ac1='-14', p3_o21='-5', p4_glu2='-4', p5_ac2='-10', p6_o22='-1',422,0.831066
423: p1_glu1='-2', p2_ac1='-4', p3_o21='-1', p4_glu2='-14', p5_ac2='-10', p6_o22='-7',423,0.798147
424: p1_glu1='-2', p2_ac1='-16', p3_o21='-4', p4_glu2='-6', p5_ac2='-8', p6_o22='-1',424,0.618163
425: p1_glu1='-6', p2_ac1='-16', p3_o21='-7', p4_glu2='-4', p5_ac2='-6', p6_o22='-1',425,0.946402
426: p1_glu1='-2', p2_ac1='-2', p3_o21='-7', p4_glu2='-14', p5_ac2='-12', p6_o22='-7',426,0.81053
427: p1_glu1='-4', p2_ac1='-10', p3_o21='-7', p4_glu2='-4', p5_ac2='-12', p6_o22='-1',427,0.936359
428: p1_glu1='-10', p2_ac1='-4', p3_o21='-2', p4_glu2='-20', p5_ac2='-6', p6_o22='-5',428,0.614737
429: p1_glu1='-6', p2_ac1='-14', p3_o21='-7', p4_glu2='-4', p5_ac2='-10', p6_o22='-1',429,0.946402
430: p1_glu1='-18', p2_ac1='-12', p3_o21='-5', p4_glu2='-12', p5_ac2='-4', p6_o22='-3',430,0.653324
431: p1_glu1='-8', p2_ac1='-16', p3_o21='-7', p4_glu2='-4', p5_ac2='-2', p6_o22='-1',431,0.922803
432: p1_glu1='-14', p2_ac1='-6', p3_o21='-4', p4_glu2='-16', p5_ac2='-10', p6_o22='-4',432,0.623948
433: p1_glu1='-6', p2_ac1='-12', p3_o21='-7', p4_glu2='-6', p5_ac2='-14', p6_o22='-1',433,0.90294
434: p1_glu1='-2', p2_ac1='-18', p3_o21='-5', p4_glu2='-10', p5_ac2='-14', p6_o22='-5',434,0.790301
435: p1_glu1='-2', p2_ac1='-14', p3_o21='-7', p4_glu2='-4', p5_ac2='-10', p6_o22='-5',435,0.978197
436: p1_glu1='-12', p2_ac1='-4', p3_o21='-5', p4_glu2='-18', p5_ac2='-2', p6_o22='-7',436,0.680463
437: p1_glu1='-2', p2_ac1='-14', p3_o21='-7', p4_glu2='-4', p5_ac2='-2', p6_o22='-5',437,0.981985
438: p1_glu1='-4', p2_ac1='-8', p3_o21='-2', p4_glu2='-20', p5_ac2='-16', p6_o22='-3',438,0.567988
439: p1_glu1='-2', p2_ac1='-14', p3_o21='-7', p4_glu2='-4', p5_ac2='-12', p6_o22='-6',439,0.978719
440: p1_glu1='-10', p2_ac1='-18', p3_o21='-2', p4_glu2='-16', p5_ac2='-2', p6_o22='-4',440,0.562173
441: p1_glu1='-6', p2_ac1='-14', p3_o21='-6', p4_glu2='-4', p5_ac2='-2', p6_o22='-2',441,0.91112
442: p1_glu1='-20', p2_ac1='-2', p3_o21='-5', p4_glu2='-10', p5_ac2='-14', p6_o22='-5',442,0.64491
443: p1_glu1='-6', p2_ac1='-14', p3_o21='-6', p4_glu2='-4', p5_ac2='-4', p6_o22='-1',443,0.916019
444: p1_glu1='-4', p2_ac1='-12', p3_o21='-1', p4_glu2='-10', p5_ac2='-16', p6_o22='-1',444,0.298669
445: p1_glu1='-2', p2_ac1='-6', p3_o21='-6', p4_glu2='-4', p5_ac2='-2', p6_o22='-3',445,0.898265
446: p1_glu1='-12', p2_ac1='-18', p3_o21='-4', p4_glu2='-8', p5_ac2='-18', p6_o22='-3',446,0.656737
447: p1_glu1='-2', p2_ac1='-12', p3_o21='-7', p4_glu2='-4', p5_ac2='-14', p6_o22='-3',447,0.972449
448: p1_glu1='-12', p2_ac1='-14', p3_o21='-1', p4_glu2='-4', p5_ac2='-4', p6_o22='-3',448,0.438538
449: p1_glu1='-2', p2_ac1='-16', p3_o21='-7', p4_glu2='-4', p5_ac2='-4', p6_o22='-3',449,0.96754
450: p1_glu1='-10', p2_ac1='-16', p3_o21='-4', p4_glu2='-18', p5_ac2='-10', p6_o22='-7',450,0.716026
451: p1_glu1='-2', p2_ac1='-16', p3_o21='-7', p4_glu2='-4', p5_ac2='-16', p6_o22='-3',451,0.963665
452: p1_glu1='-14', p2_ac1='-18', p3_o21='-5', p4_glu2='-20', p5_ac2='-2', p6_o22='-7',452,0.673156
453: p1_glu1='-2', p2_ac1='-16', p3_o21='-7', p4_glu2='-4', p5_ac2='-10', p6_o22='-3',453,0.970559
454: p1_glu1='-4', p2_ac1='-12', p3_o21='-4', p4_glu2='-12', p5_ac2='-18', p6_o22='-7',454,0.852424
455: p1_glu1='-2', p2_ac1='-6', p3_o21='-7', p4_glu2='-10', p5_ac2='-18', p6_o22='-3',455,0.666663
456: p1_glu1='-20', p2_ac1='-6', p3_o21='-5', p4_glu2='-6', p5_ac2='-4', p6_o22='-3',456,0.636488
457: p1_glu1='-2', p2_ac1='-2', p3_o21='-7', p4_glu2='-8', p5_ac2='-18', p6_o22='-3',457,0.695294
458: p1_glu1='-8', p2_ac1='-16', p3_o21='-4', p4_glu2='-4', p5_ac2='-2', p6_o22='-5',458,0.799606
459: p1_glu1='-2', p2_ac1='0', p3_o21='-7', p4_glu2='-2', p5_ac2='-4', p6_o22='-1',459,0.867573
460: p1_glu1='-4', p2_ac1='-10', p3_o21='-3', p4_glu2='-12', p5_ac2='0', p6_o22='-1',460,0.438538
461: p1_glu1='-2', p2_ac1='0', p3_o21='-7', p4_glu2='-2', p5_ac2='-6', p6_o22='-1',461,0.867448
462: p1_glu1='-20', p2_ac1='-16', p3_o21='-3', p4_glu2='-6', p5_ac2='-12', p6_o22='-6',462,0.582637
463: p1_glu1='-6', p2_ac1='-8', p3_o21='-2', p4_glu2='-8', p5_ac2='0', p6_o22='-1',463,0.40385
464: p1_glu1='-14', p2_ac1='-12', p3_o21='-1', p4_glu2='-14', p5_ac2='-10', p6_o22='-7',464,0.720211
465: p1_glu1='-2', p2_ac1='-18', p3_o21='-7', p4_glu2='-4', p5_ac2='-4', p6_o22='-3',465,0.976866
466: p1_glu1='-20', p2_ac1='-16', p3_o21='-4', p4_glu2='-20', p5_ac2='-6', p6_o22='-6',466,0.62066
467: p1_glu1='-2', p2_ac1='-18', p3_o21='-7', p4_glu2='-6', p5_ac2='-14', p6_o22='-3',467,0.822978
468: p1_glu1='-6', p2_ac1='-8', p3_o21='-7', p4_glu2='-12', p5_ac2='-14', p6_o22='-3',468,0.727895
469: p1_glu1='-2', p2_ac1='0', p3_o21='-7', p4_glu2='-2', p5_ac2='-4', p6_o22='-2',469,0.859818
470: p1_glu1='-18', p2_ac1='-8', p3_o21='-6', p4_glu2='-12', p5_ac2='-18', p6_o22='-1',470,0.661026
471: p1_glu1='-2', p2_ac1='0', p3_o21='-7', p4_glu2='-2', p5_ac2='-6', p6_o22='-2',471,0.859818
472: p1_glu1='-2', p2_ac1='-14', p3_o21='-2', p4_glu2='-2', p5_ac2='-2', p6_o22='-5',472,0.983586
473: p1_glu1='-4', p2_ac1='-10', p3_o21='-1', p4_glu2='-2', p5_ac2='-8', p6_o22='-4',473,0.769027
474: p1_glu1='-12', p2_ac1='-18', p3_o21='-1', p4_glu2='-16', p5_ac2='-2', p6_o22='-5',474,0.59008
475: p1_glu1='-2', p2_ac1='-18', p3_o21='-7', p4_glu2='-2', p5_ac2='-8', p6_o22='-6',475,0.937169
476: p1_glu1='-12', p2_ac1='-8', p3_o21='-3', p4_glu2='-12', p5_ac2='-4', p6_o22='-6',476,0.722546
477: p1_glu1='-2', p2_ac1='-14', p3_o21='-7', p4_glu2='-2', p5_ac2='-6', p6_o22='-7',477,0.937169
478: p1_glu1='-14', p2_ac1='-16', p3_o21='-5', p4_glu2='-14', p5_ac2='-4', p6_o22='-3',478,0.637204
479: p1_glu1='-2', p2_ac1='-16', p3_o21='-7', p4_glu2='-2', p5_ac2='-2', p6_o22='-5',479,0.937169
480: p1_glu1='-16', p2_ac1='-16', p3_o21='-1', p4_glu2='-6', p5_ac2='0', p6_o22='-3',480,0.321017
481: p1_glu1='-2', p2_ac1='-14', p3_o21='-7', p4_glu2='-2', p5_ac2='0', p6_o22='-4',481,0.937169
482: p1_glu1='-4', p2_ac1='-6', p3_o21='-5', p4_glu2='-18', p5_ac2='-14', p6_o22='-1',482,0.497596
483: p1_glu1='-2', p2_ac1='-18', p3_o21='-7', p4_glu2='-2', p5_ac2='-14', p6_o22='-4',483,0.937169
484: p1_glu1='-6', p2_ac1='-2', p3_o21='-4', p4_glu2='-2', p5_ac2='-14', p6_o22='-3',484,0.808546
485: p1_glu1='-2', p2_ac1='0', p3_o21='-6', p4_glu2='-2', p5_ac2='0', p6_o22='-3',485,0.877826
486: p1_glu1='-8', p2_ac1='-4', p3_o21='-3', p4_glu2='-10', p5_ac2='-8', p6_o22='-7',486,0.829476
487: p1_glu1='-2', p2_ac1='-8', p3_o21='-7', p4_glu2='-6', p5_ac2='0', p6_o22='-1',487,0.818177
488: p1_glu1='-4', p2_ac1='-16', p3_o21='-6', p4_glu2='-2', p5_ac2='-2', p6_o22='-3',488,0.986527
489: p1_glu1='-10', p2_ac1='-8', p3_o21='-5', p4_glu2='-20', p5_ac2='-14', p6_o22='-1',489,0.552712
490: p1_glu1='-4', p2_ac1='-16', p3_o21='-6', p4_glu2='-2', p5_ac2='-4', p6_o22='-3',490,0.978666
491: p1_glu1='-6', p2_ac1='-2', p3_o21='-7', p4_glu2='-2', p5_ac2='-4', p6_o22='-6',491,0.944943
492: p1_glu1='-4', p2_ac1='-18', p3_o21='-6', p4_glu2='-2', p5_ac2='0', p6_o22='-3',492,0.983808
493: p1_glu1='-8', p2_ac1='-10', p3_o21='-3', p4_glu2='-14', p5_ac2='-6', p6_o22='-1',493,0.498702
494: p1_glu1='-2', p2_ac1='-4', p3_o21='-1', p4_glu2='-20', p5_ac2='-2', p6_o22='-6',494,0.634095
495: p1_glu1='-20', p2_ac1='-4', p3_o21='-4', p4_glu2='-16', p5_ac2='-14', p6_o22='-1',495,0.550821
496: p1_glu1='-6', p2_ac1='-12', p3_o21='-5', p4_glu2='-8', p5_ac2='-16', p6_o22='-6',496,0.874088
497: p1_glu1='-10', p2_ac1='-6', p3_o21='-1', p4_glu2='-8', p5_ac2='0', p6_o22='-4',497,0.416167
498: p1_glu1='-2', p2_ac1='-18', p3_o21='-5', p4_glu2='-2', p5_ac2='-18', p6_o22='-3',498,0.990724
499: p1_glu1='-16', p2_ac1='-8', p3_o21='-7', p4_glu2='-6', p5_ac2='-18', p6_o22='-4',499,0.75693
500: p1_glu1='-4', p2_ac1='-12', p3_o21='-3', p4_glu2='-16', p5_ac2='-16', p6_o22='-5',500,0.667336
