1: p1_percSucr='30', p2_biomassSynecho='2', p3_biomassKT='0.1', p4_nh4='7',1,0.657774
2: p1_percSucr='40', p2_biomassSynecho='1', p3_biomassKT='0.02', p4_nh4='3',2,0.446134
3: p1_percSucr='50', p2_biomassSynecho='0.5', p3_biomassKT='0.05', p4_nh4='8',3,0.0638347
4: p1_percSucr='30', p2_biomassSynecho='1.25', p3_biomassKT='0.125', p4_nh4='3.5',4,0.0449363
5: p1_percSucr='50', p2_biomassSynecho='1.75', p3_biomassKT='0.05', p4_nh4='5',5,0.692783
6: p1_percSucr='40', p2_biomassSynecho='1', p3_biomassKT='0.1', p4_nh4='2',6,0.451845
7: p1_percSucr='80', p2_biomassSynecho='2', p3_biomassKT='0.05', p4_nh4='4.5',7,0.33213
8: p1_percSucr='20', p2_biomassSynecho='1.5', p3_biomassKT='0.075', p4_nh4='1',8,0.430018
9: p1_percSucr='80', p2_biomassSynecho='1.75', p3_biomassKT='0.125', p4_nh4='5',9,0.27879
10: p1_percSucr='10', p2_biomassSynecho='1.5', p3_biomassKT='0.175', p4_nh4='13',10,0.0511586
11: p1_percSucr='50', p2_biomassSynecho='2', p3_biomassKT='0.125', p4_nh4='8',11,0.112084
12: p1_percSucr='30', p2_biomassSynecho='0.5', p3_biomassKT='0.175', p4_nh4='2.5',12,0.0410644
13: p1_percSucr='20', p2_biomassSynecho='1.5', p3_biomassKT='0.05', p4_nh4='14',13,0.0686358
14: p1_percSucr='40', p2_biomassSynecho='1.5', p3_biomassKT='0.125', p4_nh4='3.5',14,0.665262
15: p1_percSucr='60', p2_biomassSynecho='1.75', p3_biomassKT='0.1', p4_nh4='11',15,0.14542
16: p1_percSucr='60', p2_biomassSynecho='1.25', p3_biomassKT='0.125', p4_nh4='13',16,0.145773
17: p1_percSucr='50', p2_biomassSynecho='1', p3_biomassKT='0.05', p4_nh4='12',17,0.112335
18: p1_percSucr='60', p2_biomassSynecho='1.75', p3_biomassKT='0.075', p4_nh4='8',18,0.111999
19: p1_percSucr='50', p2_biomassSynecho='1.25', p3_biomassKT='0.075', p4_nh4='13',19,0.131856
20: p1_percSucr='80', p2_biomassSynecho='0.5', p3_biomassKT='0.125', p4_nh4='11',20,0
21: p1_percSucr='30', p2_biomassSynecho='2', p3_biomassKT='0.05', p4_nh4='13',21,0.0973871
22: p1_percSucr='30', p2_biomassSynecho='1', p3_biomassKT='0.125', p4_nh4='14',22,0.0920346
23: p1_percSucr='50', p2_biomassSynecho='1.5', p3_biomassKT='0.2', p4_nh4='0.5',23,0.628967
24: p1_percSucr='70', p2_biomassSynecho='0.75', p3_biomassKT='0.05', p4_nh4='1',24,0.172644
25: p1_percSucr='50', p2_biomassSynecho='2', p3_biomassKT='0.2', p4_nh4='7',25,0.778855
26: p1_percSucr='80', p2_biomassSynecho='1.25', p3_biomassKT='0.175', p4_nh4='0.5',26,0.232614
27: p1_percSucr='50', p2_biomassSynecho='2', p3_biomassKT='0.2', p4_nh4='5',27,0.798073
28: p1_percSucr='20', p2_biomassSynecho='1.25', p3_biomassKT='0.05', p4_nh4='10',28,0.0525337
29: p1_percSucr='30', p2_biomassSynecho='1.75', p3_biomassKT='0.2', p4_nh4='5',29,0.0668988
30: p1_percSucr='80', p2_biomassSynecho='0.5', p3_biomassKT='0.2', p4_nh4='12',30,0
31: p1_percSucr='80', p2_biomassSynecho='1.75', p3_biomassKT='0.2', p4_nh4='4',31,0.289527
32: p1_percSucr='50', p2_biomassSynecho='1', p3_biomassKT='0.175', p4_nh4='5',32,0.0805703
33: p1_percSucr='60', p2_biomassSynecho='2', p3_biomassKT='0.175', p4_nh4='4',33,0.625167
34: p1_percSucr='20', p2_biomassSynecho='1.25', p3_biomassKT='0.075', p4_nh4='3',34,0.369541
35: p1_percSucr='60', p2_biomassSynecho='2', p3_biomassKT='0.125', p4_nh4='7',35,0.591776
36: p1_percSucr='30', p2_biomassSynecho='1.5', p3_biomassKT='0.2', p4_nh4='11',36,0.0996214
37: p1_percSucr='60', p2_biomassSynecho='2', p3_biomassKT='0.05', p4_nh4='3',37,0.636458
38: p1_percSucr='20', p2_biomassSynecho='1.5', p3_biomassKT='0.02', p4_nh4='4',38,0.407728
39: p1_percSucr='60', p2_biomassSynecho='2', p3_biomassKT='0.15', p4_nh4='1.5',39,0.652688
40: p1_percSucr='10', p2_biomassSynecho='1.5', p3_biomassKT='0.1', p4_nh4='10',40,0.0373243
41: p1_percSucr='60', p2_biomassSynecho='2', p3_biomassKT='0.1', p4_nh4='5',41,0.614294
42: p1_percSucr='80', p2_biomassSynecho='1.5', p3_biomassKT='0.15', p4_nh4='15',42,0.110954
43: p1_percSucr='60', p2_biomassSynecho='2', p3_biomassKT='0.075', p4_nh4='1.5',43,0.652753
44: p1_percSucr='70', p2_biomassSynecho='2', p3_biomassKT='0.2', p4_nh4='3',44,0.454457
45: p1_percSucr='20', p2_biomassSynecho='1', p3_biomassKT='0.02', p4_nh4='8',45,0.0395442
46: p1_percSucr='70', p2_biomassSynecho='2', p3_biomassKT='0.2', p4_nh4='2.5',46,0.459917
47: p1_percSucr='40', p2_biomassSynecho='1.75', p3_biomassKT='0.05', p4_nh4='5',47,0.742237
48: p1_percSucr='70', p2_biomassSynecho='2', p3_biomassKT='0.2', p4_nh4='1',48,0.476309
49: p1_percSucr='70', p2_biomassSynecho='2', p3_biomassKT='0.2', p4_nh4='12',49,0.174355
50: p1_percSucr='70', p2_biomassSynecho='2', p3_biomassKT='0.2', p4_nh4='6',50,0.421153
51: p1_percSucr='70', p2_biomassSynecho='1.25', p3_biomassKT='0.075', p4_nh4='4.5',51,0.0702979
52: p1_percSucr='70', p2_biomassSynecho='2', p3_biomassKT='0.2', p4_nh4='4',52,0.443442
53: p1_percSucr='40', p2_biomassSynecho='1.5', p3_biomassKT='0.02', p4_nh4='3',53,0.67011
54: p1_percSucr='20', p2_biomassSynecho='0.75', p3_biomassKT='0.2', p4_nh4='9',54,0.0589233
55: p1_percSucr='50', p2_biomassSynecho='2', p3_biomassKT='0.02', p4_nh4='7',55,0.0859295
56: p1_percSucr='80', p2_biomassSynecho='1', p3_biomassKT='0.075', p4_nh4='3',56,0.15759
57: p1_percSucr='40', p2_biomassSynecho='2', p3_biomassKT='0.05', p4_nh4='3',57,0.865277
58: p1_percSucr='30', p2_biomassSynecho='1.25', p3_biomassKT='0.2', p4_nh4='4',58,0.0585688
59: p1_percSucr='50', p2_biomassSynecho='2', p3_biomassKT='0.05', p4_nh4='1',59,0.8351
60: p1_percSucr='40', p2_biomassSynecho='1.5', p3_biomassKT='0.175', p4_nh4='5',60,0.0740898
61: p1_percSucr='50', p2_biomassSynecho='2', p3_biomassKT='0.1', p4_nh4='7',61,0.098317
62: p1_percSucr='20', p2_biomassSynecho='2', p3_biomassKT='0.075', p4_nh4='4',62,0.491154
63: p1_percSucr='40', p2_biomassSynecho='2', p3_biomassKT='0.15', p4_nh4='6',63,0.08142
64: p1_percSucr='80', p2_biomassSynecho='0.75', p3_biomassKT='0.05', p4_nh4='11',64,0
65: p1_percSucr='50', p2_biomassSynecho='2', p3_biomassKT='0.1', p4_nh4='2.5',65,0.821927
66: p1_percSucr='20', p2_biomassSynecho='1.75', p3_biomassKT='0.05', p4_nh4='7',66,0.0430849
67: p1_percSucr='40', p2_biomassSynecho='2', p3_biomassKT='0.02', p4_nh4='10',67,0.0963527
68: p1_percSucr='20', p2_biomassSynecho='2', p3_biomassKT='0.1', p4_nh4='12',68,0.0714103
69: p1_percSucr='20', p2_biomassSynecho='1.75', p3_biomassKT='0.05', p4_nh4='6',69,0.433679
70: p1_percSucr='80', p2_biomassSynecho='1.25', p3_biomassKT='0.075', p4_nh4='12',70,0.100293
71: p1_percSucr='80', p2_biomassSynecho='1.5', p3_biomassKT='0.02', p4_nh4='10',71,0.123193
72: p1_percSucr='10', p2_biomassSynecho='1.75', p3_biomassKT='0.05', p4_nh4='6',72,0.228522
73: p1_percSucr='50', p2_biomassSynecho='1.75', p3_biomassKT='0.02', p4_nh4='12',73,0.131429
74: p1_percSucr='20', p2_biomassSynecho='0.5', p3_biomassKT='0.15', p4_nh4='11',74,0.0494638
75: p1_percSucr='40', p2_biomassSynecho='1.75', p3_biomassKT='0.02', p4_nh4='12',75,0.109102
76: p1_percSucr='30', p2_biomassSynecho='1.75', p3_biomassKT='0.05', p4_nh4='6',76,0.609721
77: p1_percSucr='50', p2_biomassSynecho='1.5', p3_biomassKT='0.2', p4_nh4='7',77,0.108109
78: p1_percSucr='50', p2_biomassSynecho='2', p3_biomassKT='0.05', p4_nh4='2.5',78,0.821853
79: p1_percSucr='20', p2_biomassSynecho='1.75', p3_biomassKT='0.1', p4_nh4='14',79,0.0770339
80: p1_percSucr='60', p2_biomassSynecho='1.5', p3_biomassKT='0.2', p4_nh4='7',80,0.116043
81: p1_percSucr='30', p2_biomassSynecho='1.75', p3_biomassKT='0.075', p4_nh4='6',81,0.609786
82: p1_percSucr='60', p2_biomassSynecho='1.5', p3_biomassKT='0.2', p4_nh4='6',82,0.105572
83: p1_percSucr='50', p2_biomassSynecho='1', p3_biomassKT='0.02', p4_nh4='9',83,0.0924204
84: p1_percSucr='60', p2_biomassSynecho='1.5', p3_biomassKT='0.2', p4_nh4='5',84,0.0944469
85: p1_percSucr='40', p2_biomassSynecho='1', p3_biomassKT='0.1', p4_nh4='5',85,0.0605255
86: p1_percSucr='20', p2_biomassSynecho='0.5', p3_biomassKT='0.02', p4_nh4='3.5',86,0.0191864
87: p1_percSucr='50', p2_biomassSynecho='1.5', p3_biomassKT='0.2', p4_nh4='5',87,0.0885599
88: p1_percSucr='20', p2_biomassSynecho='1.75', p3_biomassKT='0.1', p4_nh4='2',88,0.465744
89: p1_percSucr='50', p2_biomassSynecho='0.75', p3_biomassKT='0.15', p4_nh4='2',89,0.0460849
90: p1_percSucr='10', p2_biomassSynecho='1.75', p3_biomassKT='0.15', p4_nh4='0.5',90,0.0243111
91: p1_percSucr='80', p2_biomassSynecho='1.25', p3_biomassKT='0.15', p4_nh4='7',91,0.108698
92: p1_percSucr='20', p2_biomassSynecho='1.75', p3_biomassKT='0.125', p4_nh4='3',92,0.456451
93: p1_percSucr='60', p2_biomassSynecho='0.5', p3_biomassKT='0.1', p4_nh4='14',93,0
94: p1_percSucr='20', p2_biomassSynecho='1.75', p3_biomassKT='0.05', p4_nh4='2.5',94,0.46056
95: p1_percSucr='40', p2_biomassSynecho='1.25', p3_biomassKT='0.125', p4_nh4='10',95,0.159009
96: p1_percSucr='20', p2_biomassSynecho='1.75', p3_biomassKT='0.1', p4_nh4='1',96,0.472219
97: p1_percSucr='40', p2_biomassSynecho='1.75', p3_biomassKT='0.1', p4_nh4='14',97,0.132924
98: p1_percSucr='20', p2_biomassSynecho='1.75', p3_biomassKT='0.2', p4_nh4='2.5',98,0.461921
99: p1_percSucr='40', p2_biomassSynecho='2', p3_biomassKT='0.15', p4_nh4='1',99,0.891034
100: p1_percSucr='10', p2_biomassSynecho='1.25', p3_biomassKT='0.175', p4_nh4='4',100,0.0349391
101: p1_percSucr='40', p2_biomassSynecho='2', p3_biomassKT='0.175', p4_nh4='1.5',101,0.884742
102: p1_percSucr='20', p2_biomassSynecho='1.5', p3_biomassKT='0.075', p4_nh4='8',102,0.0495595
103: p1_percSucr='40', p2_biomassSynecho='2', p3_biomassKT='0.2', p4_nh4='2.5',103,0.868813
104: p1_percSucr='20', p2_biomassSynecho='2', p3_biomassKT='0.2', p4_nh4='3.5',104,0.0484526
105: p1_percSucr='40', p2_biomassSynecho='2', p3_biomassKT='0.15', p4_nh4='2',105,0.87586
106: p1_percSucr='20', p2_biomassSynecho='0.75', p3_biomassKT='0.175', p4_nh4='12',106,0.0627233
107: p1_percSucr='80', p2_biomassSynecho='1.75', p3_biomassKT='0.175', p4_nh4='3',107,0.300595
108: p1_percSucr='70', p2_biomassSynecho='1.25', p3_biomassKT='0.15', p4_nh4='3',108,0.0630757
109: p1_percSucr='70', p2_biomassSynecho='0.75', p3_biomassKT='0.075', p4_nh4='1.5',109,0.166291
110: p1_percSucr='50', p2_biomassSynecho='2', p3_biomassKT='0.02', p4_nh4='0.5',110,0.401159
111: p1_percSucr='80', p2_biomassSynecho='1.75', p3_biomassKT='0.1', p4_nh4='14',111,0.173144
112: p1_percSucr='40', p2_biomassSynecho='2', p3_biomassKT='0.02', p4_nh4='3',112,0.865771
113: p1_percSucr='80', p2_biomassSynecho='1.75', p3_biomassKT='0.2', p4_nh4='9',113,0.142758
114: p1_percSucr='50', p2_biomassSynecho='2', p3_biomassKT='0.02', p4_nh4='2.5',114,0.822108
115: p1_percSucr='30', p2_biomassSynecho='0.75', p3_biomassKT='0.1', p4_nh4='4',115,0.0419202
116: p1_percSucr='40', p2_biomassSynecho='2', p3_biomassKT='0.02', p4_nh4='2',116,0.871356
117: p1_percSucr='10', p2_biomassSynecho='1.75', p3_biomassKT='0.2', p4_nh4='6',117,0.043487
118: p1_percSucr='50', p2_biomassSynecho='2', p3_biomassKT='0.02', p4_nh4='1',118,0.686378
119: p1_percSucr='10', p2_biomassSynecho='1.5', p3_biomassKT='0.175', p4_nh4='1',119,0.0292152
120: p1_percSucr='20', p2_biomassSynecho='2', p3_biomassKT='0.02', p4_nh4='3',120,0.498804
121: p1_percSucr='30', p2_biomassSynecho='2', p3_biomassKT='0.175', p4_nh4='2.5',121,0.720725
122: p1_percSucr='10', p2_biomassSynecho='0.75', p3_biomassKT='0.02', p4_nh4='3',122,0.148257
123: p1_percSucr='10', p2_biomassSynecho='1.25', p3_biomassKT='0.15', p4_nh4='1.5',123,0.0263735
124: p1_percSucr='30', p2_biomassSynecho='2', p3_biomassKT='0.2', p4_nh4='3',124,0.714036
125: p1_percSucr='80', p2_biomassSynecho='0.75', p3_biomassKT='0.125', p4_nh4='10',125,0
126: p1_percSucr='30', p2_biomassSynecho='2', p3_biomassKT='0.2', p4_nh4='2.5',126,0.720691
127: p1_percSucr='30', p2_biomassSynecho='2', p3_biomassKT='0.175', p4_nh4='2',127,0.727275
128: p1_percSucr='40', p2_biomassSynecho='1.75', p3_biomassKT='0.1', p4_nh4='7',128,0.0819228
129: p1_percSucr='10', p2_biomassSynecho='2', p3_biomassKT='0.02', p4_nh4='8',129,0.241775
130: p1_percSucr='10', p2_biomassSynecho='2', p3_biomassKT='0.125', p4_nh4='10',130,0.0421362
131: p1_percSucr='30', p2_biomassSynecho='2', p3_biomassKT='0.15', p4_nh4='2',131,0.727305
132: p1_percSucr='50', p2_biomassSynecho='0.5', p3_biomassKT='0.02', p4_nh4='4.5',132,0.047399
133: p1_percSucr='40', p2_biomassSynecho='2', p3_biomassKT='0.2', p4_nh4='1.5',133,0.884772
134: p1_percSucr='70', p2_biomassSynecho='1.75', p3_biomassKT='0.1', p4_nh4='5',134,0.371612
135: p1_percSucr='10', p2_biomassSynecho='1', p3_biomassKT='0.075', p4_nh4='2.5',135,0.0175354
136: p1_percSucr='40', p2_biomassSynecho='1.25', p3_biomassKT='0.1', p4_nh4='12',136,0.109875
137: p1_percSucr='40', p2_biomassSynecho='2', p3_biomassKT='0.2', p4_nh4='3',137,0.862128
138: p1_percSucr='50', p2_biomassSynecho='0.5', p3_biomassKT='0.125', p4_nh4='10',138,0
139: p1_percSucr='70', p2_biomassSynecho='2', p3_biomassKT='0.2', p4_nh4='5',139,0.43231
140: p1_percSucr='10', p2_biomassSynecho='1', p3_biomassKT='0.125', p4_nh4='2.5',140,0.0244851
141: p1_percSucr='40', p2_biomassSynecho='2', p3_biomassKT='0.175', p4_nh4='2',141,0.878235
142: p1_percSucr='10', p2_biomassSynecho='2', p3_biomassKT='0.1', p4_nh4='15',142,0.0487034
143: p1_percSucr='40', p2_biomassSynecho='2', p3_biomassKT='0.05', p4_nh4='3.5',143,0.858067
144: p1_percSucr='50', p2_biomassSynecho='1.5', p3_biomassKT='0.02', p4_nh4='10',144,0.110685
145: p1_percSucr='50', p2_biomassSynecho='2', p3_biomassKT='0.2', p4_nh4='3.5',145,0.81234
146: p1_percSucr='60', p2_biomassSynecho='1.5', p3_biomassKT='0.075', p4_nh4='1',146,0.490909
147: p1_percSucr='60', p2_biomassSynecho='1.25', p3_biomassKT='0.2', p4_nh4='4.5',147,0.0870849
148: p1_percSucr='80', p2_biomassSynecho='2', p3_biomassKT='0.125', p4_nh4='6',148,0.315268
149: p1_percSucr='20', p2_biomassSynecho='1.75', p3_biomassKT='0.05', p4_nh4='1.5',149,0.469491
150: p1_percSucr='50', p2_biomassSynecho='2', p3_biomassKT='0.175', p4_nh4='3.5',150,0.812298
151: p1_percSucr='10', p2_biomassSynecho='1', p3_biomassKT='0.05', p4_nh4='10',151,0.0286735
152: p1_percSucr='40', p2_biomassSynecho='0.75', p3_biomassKT='0.15', p4_nh4='6',152,0.0695406
153: p1_percSucr='40', p2_biomassSynecho='1.5', p3_biomassKT='0.05', p4_nh4='4.5',153,0.654835
154: p1_percSucr='40', p2_biomassSynecho='2', p3_biomassKT='0.02', p4_nh4='4.5',154,0.843873
155: p1_percSucr='60', p2_biomassSynecho='1.5', p3_biomassKT='0.125', p4_nh4='4',155,0.457705
156: p1_percSucr='40', p2_biomassSynecho='2', p3_biomassKT='0.02', p4_nh4='4',156,0.848931
157: p1_percSucr='40', p2_biomassSynecho='2', p3_biomassKT='0.075', p4_nh4='4',157,0.850276
158: p1_percSucr='70', p2_biomassSynecho='2', p3_biomassKT='0.02', p4_nh4='1',158,0.476153
159: p1_percSucr='40', p2_biomassSynecho='2', p3_biomassKT='0.02', p4_nh4='5',159,0.835871
160: p1_percSucr='30', p2_biomassSynecho='1.75', p3_biomassKT='0.2', p4_nh4='9',160,0.0916971
161: p1_percSucr='40', p2_biomassSynecho='1.75', p3_biomassKT='0.075', p4_nh4='13',161,0.123505
162: p1_percSucr='50', p2_biomassSynecho='2', p3_biomassKT='0.02', p4_nh4='4',162,0.808054
163: p1_percSucr='40', p2_biomassSynecho='1.5', p3_biomassKT='0.075', p4_nh4='13',163,0.118673
164: p1_percSucr='50', p2_biomassSynecho='2', p3_biomassKT='0.02', p4_nh4='5',164,0.798659
165: p1_percSucr='30', p2_biomassSynecho='0.5', p3_biomassKT='0.2', p4_nh4='4',165,0.0503803
166: p1_percSucr='40', p2_biomassSynecho='2', p3_biomassKT='0.2', p4_nh4='1',166,0.891081
167: p1_percSucr='10', p2_biomassSynecho='0.75', p3_biomassKT='0.1', p4_nh4='12',167,0.0342695
168: p1_percSucr='40', p2_biomassSynecho='1.25', p3_biomassKT='0.1', p4_nh4='4.5',168,0.0581911
169: p1_percSucr='50', p2_biomassSynecho='1.75', p3_biomassKT='0.175', p4_nh4='15',169,0.173066
170: p1_percSucr='20', p2_biomassSynecho='0.5', p3_biomassKT='0.1', p4_nh4='2',170,0.0237572
171: p1_percSucr='40', p2_biomassSynecho='1.5', p3_biomassKT='0.2', p4_nh4='3.5',171,0.665164
172: p1_percSucr='80', p2_biomassSynecho='1.5', p3_biomassKT='0.05', p4_nh4='5',172,0.231118
173: p1_percSucr='60', p2_biomassSynecho='1', p3_biomassKT='0.125', p4_nh4='6',173,0.0891409
174: p1_percSucr='40', p2_biomassSynecho='1.75', p3_biomassKT='0.02', p4_nh4='6',174,0.729378
175: p1_percSucr='40', p2_biomassSynecho='2', p3_biomassKT='0.2', p4_nh4='2',175,0.878235
176: p1_percSucr='20', p2_biomassSynecho='0.5', p3_biomassKT='0.175', p4_nh4='4',176,0.0391987
177: p1_percSucr='80', p2_biomassSynecho='0.5', p3_biomassKT='0.1', p4_nh4='3.5',177,0.0547096
178: p1_percSucr='80', p2_biomassSynecho='1.75', p3_biomassKT='0.15', p4_nh4='1.5',178,0.317018
179: p1_percSucr='50', p2_biomassSynecho='1.75', p3_biomassKT='0.15', p4_nh4='1',179,0.729978
180: p1_percSucr='40', p2_biomassSynecho='1.5', p3_biomassKT='0.02', p4_nh4='7',180,0.623974
181: p1_percSucr='70', p2_biomassSynecho='0.75', p3_biomassKT='0.05', p4_nh4='14',181,0
182: p1_percSucr='40', p2_biomassSynecho='2', p3_biomassKT='0.02', p4_nh4='1.5',182,0.750651
183: p1_percSucr='20', p2_biomassSynecho='1.5', p3_biomassKT='0.2', p4_nh4='10',183,0.0728202
184: p1_percSucr='40', p2_biomassSynecho='2', p3_biomassKT='0.02', p4_nh4='1',184,0.53026
185: p1_percSucr='40', p2_biomassSynecho='1.5', p3_biomassKT='0.15', p4_nh4='6',185,0.0787993
186: p1_percSucr='50', p2_biomassSynecho='2', p3_biomassKT='0.175', p4_nh4='10',186,0.138104
187: p1_percSucr='30', p2_biomassSynecho='1.75', p3_biomassKT='0.15', p4_nh4='6',187,0.0666644
188: p1_percSucr='10', p2_biomassSynecho='1.75', p3_biomassKT='0.15', p4_nh4='3.5',188,0.031331
189: p1_percSucr='30', p2_biomassSynecho='1.5', p3_biomassKT='0.15', p4_nh4='5',189,0.0590578
190: p1_percSucr='10', p2_biomassSynecho='1.5', p3_biomassKT='0.125', p4_nh4='13',190,0.0454525
191: p1_percSucr='30', p2_biomassSynecho='1.5', p3_biomassKT='0.15', p4_nh4='6',191,0.06537
192: p1_percSucr='80', p2_biomassSynecho='2', p3_biomassKT='0.1', p4_nh4='12',192,0.162579
193: p1_percSucr='50', p2_biomassSynecho='1.5', p3_biomassKT='0.15', p4_nh4='1',193,0.624369
194: p1_percSucr='80', p2_biomassSynecho='1.5', p3_biomassKT='0.15', p4_nh4='10',194,0.141186
195: p1_percSucr='30', p2_biomassSynecho='2', p3_biomassKT='0.1', p4_nh4='4.5',195,0.69336
196: p1_percSucr='80', p2_biomassSynecho='2', p3_biomassKT='0.125', p4_nh4='8',196,0.123484
197: p1_percSucr='30', p2_biomassSynecho='2', p3_biomassKT='0.02', p4_nh4='3.5',197,0.706048
198: p1_percSucr='80', p2_biomassSynecho='1.75', p3_biomassKT='0.2', p4_nh4='1.5',198,0.316975
199: p1_percSucr='30', p2_biomassSynecho='2', p3_biomassKT='0.05', p4_nh4='5',199,0.686701
200: p1_percSucr='50', p2_biomassSynecho='1', p3_biomassKT='0.125', p4_nh4='13',200,0.123164
201: p1_percSucr='70', p2_biomassSynecho='1', p3_biomassKT='0.2', p4_nh4='12',201,0.0994099
202: p1_percSucr='30', p2_biomassSynecho='2', p3_biomassKT='0.2', p4_nh4='4',202,0.0608791
203: p1_percSucr='70', p2_biomassSynecho='1', p3_biomassKT='0.1', p4_nh4='9',203,0.109766
204: p1_percSucr='30', p2_biomassSynecho='2', p3_biomassKT='0.15', p4_nh4='4',204,0.69709
205: p1_percSucr='40', p2_biomassSynecho='2', p3_biomassKT='0.175', p4_nh4='1',205,0.891058
206: p1_percSucr='70', p2_biomassSynecho='1.75', p3_biomassKT='0.1', p4_nh4='0.5',206,0.420118
207: p1_percSucr='80', p2_biomassSynecho='1.25', p3_biomassKT='0.125', p4_nh4='4.5',207,0.0781768
208: p1_percSucr='40', p2_biomassSynecho='2', p3_biomassKT='0.125', p4_nh4='1',208,0.89102
209: p1_percSucr='80', p2_biomassSynecho='0.5', p3_biomassKT='0.15', p4_nh4='10',209,0
210: p1_percSucr='40', p2_biomassSynecho='2', p3_biomassKT='0.05', p4_nh4='1',210,0.783429
211: p1_percSucr='40', p2_biomassSynecho='1.75', p3_biomassKT='0.15', p4_nh4='11',211,0.11912
212: p1_percSucr='50', p2_biomassSynecho='1.25', p3_biomassKT='0.2', p4_nh4='2.5',212,0.504507
213: p1_percSucr='30', p2_biomassSynecho='1.5', p3_biomassKT='0.1', p4_nh4='0.5',213,0.608851
214: p1_percSucr='40', p2_biomassSynecho='0.5', p3_biomassKT='0.125', p4_nh4='3.5',214,0.046409
215: p1_percSucr='40', p2_biomassSynecho='2', p3_biomassKT='0.1', p4_nh4='1.5',215,0.882643
216: p1_percSucr='40', p2_biomassSynecho='1.25', p3_biomassKT='0.1', p4_nh4='1.5',216,0.570605
217: p1_percSucr='40', p2_biomassSynecho='1.25', p3_biomassKT='0.15', p4_nh4='1.5',217,0.570522
218: p1_percSucr='40', p2_biomassSynecho='2', p3_biomassKT='0.1', p4_nh4='1',218,0.89102
219: p1_percSucr='10', p2_biomassSynecho='1.5', p3_biomassKT='0.1', p4_nh4='6',219,0.029385
220: p1_percSucr='50', p2_biomassSynecho='1', p3_biomassKT='0.2', p4_nh4='11',220,0.122753
221: p1_percSucr='10', p2_biomassSynecho='1.25', p3_biomassKT='0.02', p4_nh4='5',221,0.189864
222: p1_percSucr='50', p2_biomassSynecho='1.75', p3_biomassKT='0.125', p4_nh4='5',222,0.692486
223: p1_percSucr='40', p2_biomassSynecho='1', p3_biomassKT='0.1', p4_nh4='4.5',223,0.0565954
224: p1_percSucr='40', p2_biomassSynecho='1.5', p3_biomassKT='0.125', p4_nh4='5',224,0.0671245
225: p1_percSucr='80', p2_biomassSynecho='1', p3_biomassKT='0.15', p4_nh4='2',225,0.168528
226: p1_percSucr='80', p2_biomassSynecho='1.5', p3_biomassKT='0.15', p4_nh4='3.5',226,0.247426
227: p1_percSucr='10', p2_biomassSynecho='1.25', p3_biomassKT='0.175', p4_nh4='3.5',227,0.0339672
228: p1_percSucr='50', p2_biomassSynecho='1', p3_biomassKT='0.05', p4_nh4='13',228,0.116351
229: p1_percSucr='40', p2_biomassSynecho='1', p3_biomassKT='0.125', p4_nh4='3.5',229,0.0518798
230: p1_percSucr='40', p2_biomassSynecho='1', p3_biomassKT='0.175', p4_nh4='1',230,0.0367965
231: p1_percSucr='60', p2_biomassSynecho='0.5', p3_biomassKT='0.15', p4_nh4='2.5',231,0.0513616
232: p1_percSucr='40', p2_biomassSynecho='0.5', p3_biomassKT='0.05', p4_nh4='15',232,0
233: p1_percSucr='10', p2_biomassSynecho='0.75', p3_biomassKT='0.02', p4_nh4='9',233,0.0220411
234: p1_percSucr='40', p2_biomassSynecho='2', p3_biomassKT='0.2', p4_nh4='0.5',234,0.89712
235: p1_percSucr='40', p2_biomassSynecho='2', p3_biomassKT='0.2', p4_nh4='4.5',235,0.0750455
236: p1_percSucr='30', p2_biomassSynecho='2', p3_biomassKT='0.15', p4_nh4='14',236,0.1152
237: p1_percSucr='40', p2_biomassSynecho='2', p3_biomassKT='0.2', p4_nh4='5',237,0.079552
238: p1_percSucr='40', p2_biomassSynecho='1.75', p3_biomassKT='0.175', p4_nh4='9',238,0.10768
239: p1_percSucr='70', p2_biomassSynecho='1', p3_biomassKT='0.1', p4_nh4='5',239,0.0773528
240: p1_percSucr='40', p2_biomassSynecho='2', p3_biomassKT='0.2', p4_nh4='4',240,0.850313
241: p1_percSucr='40', p2_biomassSynecho='2', p3_biomassKT='0.15', p4_nh4='5',241,0.831014
242: p1_percSucr='40', p2_biomassSynecho='2', p3_biomassKT='0.125', p4_nh4='0.5',242,0.897085
243: p1_percSucr='40', p2_biomassSynecho='1', p3_biomassKT='0.15', p4_nh4='12',243,0.10663
244: p1_percSucr='40', p2_biomassSynecho='2', p3_biomassKT='0.175', p4_nh4='0.5',244,0.897108
245: p1_percSucr='50', p2_biomassSynecho='2', p3_biomassKT='0.2', p4_nh4='0.5',245,0.840152
246: p1_percSucr='40', p2_biomassSynecho='1.25', p3_biomassKT='0.02', p4_nh4='3.5',246,0.558566
247: p1_percSucr='40', p2_biomassSynecho='2', p3_biomassKT='0.2', p4_nh4='3.5',247,0.854583
248: p1_percSucr='10', p2_biomassSynecho='1.25', p3_biomassKT='0.175', p4_nh4='13',248,0.0491769
249: p1_percSucr='30', p2_biomassSynecho='1.75', p3_biomassKT='0.15', p4_nh4='2',249,0.661732
250: p1_percSucr='10', p2_biomassSynecho='2', p3_biomassKT='0.02', p4_nh4='3',250,0.258374
251: p1_percSucr='50', p2_biomassSynecho='2', p3_biomassKT='0.125', p4_nh4='0.5',251,0.840181
252: p1_percSucr='10', p2_biomassSynecho='1.25', p3_biomassKT='0.175', p4_nh4='0.5',252,0.0280276
253: p1_percSucr='50', p2_biomassSynecho='2', p3_biomassKT='0.175', p4_nh4='0.5',253,0.840162
254: p1_percSucr='70', p2_biomassSynecho='0.5', p3_biomassKT='0.15', p4_nh4='15',254,0
255: p1_percSucr='40', p2_biomassSynecho='1.5', p3_biomassKT='0.175', p4_nh4='4.5',255,0.654532
256: p1_percSucr='80', p2_biomassSynecho='1.5', p3_biomassKT='0.125', p4_nh4='12',256,0.149512
257: p1_percSucr='40', p2_biomassSynecho='1.75', p3_biomassKT='0.15', p4_nh4='4.5',257,0.751112
258: p1_percSucr='80', p2_biomassSynecho='1.5', p3_biomassKT='0.2', p4_nh4='2.5',258,0.258354
259: p1_percSucr='40', p2_biomassSynecho='1.75', p3_biomassKT='0.175', p4_nh4='4.5',259,0.748229
260: p1_percSucr='10', p2_biomassSynecho='2', p3_biomassKT='0.175', p4_nh4='8',260,0.0448221
261: p1_percSucr='40', p2_biomassSynecho='1.5', p3_biomassKT='0.15', p4_nh4='4.5',261,0.0663075
262: p1_percSucr='50', p2_biomassSynecho='1.75', p3_biomassKT='0.1', p4_nh4='2',262,0.720789
263: p1_percSucr='30', p2_biomassSynecho='1.75', p3_biomassKT='0.2', p4_nh4='4.5',263,0.063696
264: p1_percSucr='30', p2_biomassSynecho='0.75', p3_biomassKT='0.05', p4_nh4='1',264,0.356646
265: p1_percSucr='10', p2_biomassSynecho='1.25', p3_biomassKT='0.075', p4_nh4='12',265,0.0364523
266: p1_percSucr='50', p2_biomassSynecho='1.5', p3_biomassKT='0.05', p4_nh4='2',266,0.615223
267: p1_percSucr='80', p2_biomassSynecho='1.75', p3_biomassKT='0.075', p4_nh4='9',267,0.125027
268: p1_percSucr='70', p2_biomassSynecho='1.75', p3_biomassKT='0.175', p4_nh4='8',268,0.127518
269: p1_percSucr='30', p2_biomassSynecho='1.25', p3_biomassKT='0.15', p4_nh4='12',269,0.0939261
270: p1_percSucr='50', p2_biomassSynecho='2', p3_biomassKT='0.075', p4_nh4='2.5',270,0.821894
271: p1_percSucr='40', p2_biomassSynecho='0.75', p3_biomassKT='0.05', p4_nh4='13',271,0.0869756
272: p1_percSucr='40', p2_biomassSynecho='2', p3_biomassKT='0.075', p4_nh4='0.5',272,0.757494
273: p1_percSucr='70', p2_biomassSynecho='1', p3_biomassKT='0.02', p4_nh4='5',273,0.065851
274: p1_percSucr='60', p2_biomassSynecho='2', p3_biomassKT='0.02', p4_nh4='4.5',274,0.620216
275: p1_percSucr='70', p2_biomassSynecho='1.25', p3_biomassKT='0.1', p4_nh4='4',275,0.260499
276: p1_percSucr='40', p2_biomassSynecho='0.75', p3_biomassKT='0.2', p4_nh4='2.5',276,0.0525626
277: p1_percSucr='10', p2_biomassSynecho='1', p3_biomassKT='0.1', p4_nh4='10',277,0.0342769
278: p1_percSucr='10', p2_biomassSynecho='2', p3_biomassKT='0.02', p4_nh4='12',278,0.227951
279: p1_percSucr='70', p2_biomassSynecho='1.5', p3_biomassKT='0.15', p4_nh4='1.5',279,0.349057
280: p1_percSucr='70', p2_biomassSynecho='1.75', p3_biomassKT='0.05', p4_nh4='4',280,0.382819
281: p1_percSucr='80', p2_biomassSynecho='0.5', p3_biomassKT='0.075', p4_nh4='8',281,0
282: p1_percSucr='10', p2_biomassSynecho='1', p3_biomassKT='0.175', p4_nh4='4.5',282,0.0348289
283: p1_percSucr='80', p2_biomassSynecho='0.5', p3_biomassKT='0.05', p4_nh4='3.5',283,0.0484675
284: p1_percSucr='50', p2_biomassSynecho='1.75', p3_biomassKT='0.175', p4_nh4='4.5',284,0.697116
285: p1_percSucr='50', p2_biomassSynecho='1.75', p3_biomassKT='0.2', p4_nh4='4.5',285,0.0844339
286: p1_percSucr='80', p2_biomassSynecho='2', p3_biomassKT='0.05', p4_nh4='2.5',286,0.353325
287: p1_percSucr='80', p2_biomassSynecho='1', p3_biomassKT='0.15', p4_nh4='7',287,0.103165
288: p1_percSucr='60', p2_biomassSynecho='1.75', p3_biomassKT='0.2', p4_nh4='4.5',288,0.0898427
289: p1_percSucr='40', p2_biomassSynecho='2', p3_biomassKT='0.05', p4_nh4='13',289,0.123443
290: p1_percSucr='60', p2_biomassSynecho='1.5', p3_biomassKT='0.075', p4_nh4='6',290,0.0882241
291: p1_percSucr='10', p2_biomassSynecho='1.25', p3_biomassKT='0.05', p4_nh4='0.5',291,0.202602
292: p1_percSucr='30', p2_biomassSynecho='1.75', p3_biomassKT='0.02', p4_nh4='4.5',292,0.630337
293: p1_percSucr='30', p2_biomassSynecho='1', p3_biomassKT='0.15', p4_nh4='9',293,0.0760191
294: p1_percSucr='30', p2_biomassSynecho='1.75', p3_biomassKT='0.125', p4_nh4='4.5',294,0.626696
295: p1_percSucr='30', p2_biomassSynecho='0.5', p3_biomassKT='0.02', p4_nh4='15',295,0
296: p1_percSucr='80', p2_biomassSynecho='2', p3_biomassKT='0.1', p4_nh4='9',296,0.131054
297: p1_percSucr='40', p2_biomassSynecho='2', p3_biomassKT='0.15', p4_nh4='13',297,0.136431
298: p1_percSucr='60', p2_biomassSynecho='1.75', p3_biomassKT='0.125', p4_nh4='15',298,0.180511
299: p1_percSucr='20', p2_biomassSynecho='0.75', p3_biomassKT='0.2', p4_nh4='6',299,0.051447
300: p1_percSucr='50', p2_biomassSynecho='2', p3_biomassKT='0.2', p4_nh4='3',300,0.816921
301: p1_percSucr='50', p2_biomassSynecho='0.5', p3_biomassKT='0.2', p4_nh4='4',301,0.0647924
302: p1_percSucr='10', p2_biomassSynecho='1.75', p3_biomassKT='0.02', p4_nh4='0.5',302,0.202012
303: p1_percSucr='80', p2_biomassSynecho='0.75', p3_biomassKT='0.15', p4_nh4='5',303,0.0801209
304: p1_percSucr='40', p2_biomassSynecho='2', p3_biomassKT='0.075', p4_nh4='5',304,0.835177
305: p1_percSucr='40', p2_biomassSynecho='2', p3_biomassKT='0.1', p4_nh4='3',305,0.862925
306: p1_percSucr='70', p2_biomassSynecho='2', p3_biomassKT='0.15', p4_nh4='9',306,0.137315
307: p1_percSucr='40', p2_biomassSynecho='2', p3_biomassKT='0.125', p4_nh4='3',307,0.862801
308: p1_percSucr='60', p2_biomassSynecho='1.75', p3_biomassKT='0.05', p4_nh4='15',308,0.171345
309: p1_percSucr='40', p2_biomassSynecho='2', p3_biomassKT='0.15', p4_nh4='3',309,0.862677
310: p1_percSucr='30', p2_biomassSynecho='0.75', p3_biomassKT='0.15', p4_nh4='1.5',310,0.0335673
311: p1_percSucr='70', p2_biomassSynecho='0.75', p3_biomassKT='0.125', p4_nh4='7',311,0.0889709
312: p1_percSucr='40', p2_biomassSynecho='2', p3_biomassKT='0.175', p4_nh4='3',312,0.86244
313: p1_percSucr='20', p2_biomassSynecho='1.25', p3_biomassKT='0.15', p4_nh4='5',313,0.0460857
314: p1_percSucr='70', p2_biomassSynecho='1.75', p3_biomassKT='0.125', p4_nh4='2',314,0.404562
315: p1_percSucr='40', p2_biomassSynecho='1.75', p3_biomassKT='0.1', p4_nh4='4.5',315,0.751262
316: p1_percSucr='10', p2_biomassSynecho='2', p3_biomassKT='0.175', p4_nh4='5',316,0.0385174
317: p1_percSucr='30', p2_biomassSynecho='2', p3_biomassKT='0.2', p4_nh4='3.5',317,0.707056
318: p1_percSucr='50', p2_biomassSynecho='1.25', p3_biomassKT='0.02', p4_nh4='4.5',318,0.0563066
319: p1_percSucr='40', p2_biomassSynecho='1', p3_biomassKT='0.175', p4_nh4='12',319,0.10912
320: p1_percSucr='30', p2_biomassSynecho='2', p3_biomassKT='0.15', p4_nh4='1',320,0.740235
321: p1_percSucr='70', p2_biomassSynecho='1.25', p3_biomassKT='0.15', p4_nh4='10',321,0.132359
322: p1_percSucr='10', p2_biomassSynecho='1.5', p3_biomassKT='0.05', p4_nh4='0.5',322,0.22454
323: p1_percSucr='30', p2_biomassSynecho='2', p3_biomassKT='0.1', p4_nh4='1',323,0.740203
324: p1_percSucr='40', p2_biomassSynecho='0.5', p3_biomassKT='0.2', p4_nh4='8',324,0.0702185
325: p1_percSucr='40', p2_biomassSynecho='2', p3_biomassKT='0.175', p4_nh4='4',325,0.850338
326: p1_percSucr='20', p2_biomassSynecho='0.5', p3_biomassKT='0.2', p4_nh4='11',326,0.0534491
327: p1_percSucr='50', p2_biomassSynecho='0.5', p3_biomassKT='0.02', p4_nh4='14',327,0
328: p1_percSucr='20', p2_biomassSynecho='2', p3_biomassKT='0.125', p4_nh4='1.5',328,0.511431
329: p1_percSucr='30', p2_biomassSynecho='0.5', p3_biomassKT='0.02', p4_nh4='4',329,0.0292774
330: p1_percSucr='50', p2_biomassSynecho='2', p3_biomassKT='0.2', p4_nh4='14',330,0.175279
331: p1_percSucr='30', p2_biomassSynecho='0.75', p3_biomassKT='0.125', p4_nh4='15',331,0.0830772
332: p1_percSucr='50', p2_biomassSynecho='2', p3_biomassKT='0.175', p4_nh4='4',332,0.807584
333: p1_percSucr='60', p2_biomassSynecho='1.75', p3_biomassKT='0.15', p4_nh4='13',333,0.168602
334: p1_percSucr='40', p2_biomassSynecho='2', p3_biomassKT='0.175', p4_nh4='5',334,0.830937
335: p1_percSucr='30', p2_biomassSynecho='1.75', p3_biomassKT='0.175', p4_nh4='4',335,0.636436
336: p1_percSucr='80', p2_biomassSynecho='1.25', p3_biomassKT='0.2', p4_nh4='10',336,0.123715
337: p1_percSucr='30', p2_biomassSynecho='1.75', p3_biomassKT='0.175', p4_nh4='2.5',337,0.655567
338: p1_percSucr='30', p2_biomassSynecho='1.25', p3_biomassKT='0.15', p4_nh4='2.5',338,0.0416653
339: p1_percSucr='30', p2_biomassSynecho='1.75', p3_biomassKT='0.175', p4_nh4='1.5',339,0.667786
340: p1_percSucr='40', p2_biomassSynecho='2', p3_biomassKT='0.075', p4_nh4='1.5',340,0.882854
341: p1_percSucr='30', p2_biomassSynecho='1.75', p3_biomassKT='0.175', p4_nh4='2',341,0.6617
342: p1_percSucr='20', p2_biomassSynecho='0.5', p3_biomassKT='0.02', p4_nh4='1',342,0.214339
343: p1_percSucr='30', p2_biomassSynecho='1.75', p3_biomassKT='0.175', p4_nh4='0.5',343,0.67964
344: p1_percSucr='80', p2_biomassSynecho='1', p3_biomassKT='0.02', p4_nh4='11',344,0.0621864
345: p1_percSucr='50', p2_biomassSynecho='1.75', p3_biomassKT='0.175', p4_nh4='5',345,0.692337
346: p1_percSucr='60', p2_biomassSynecho='1.25', p3_biomassKT='0.1', p4_nh4='1',346,0.407254
347: p1_percSucr='40', p2_biomassSynecho='1.75', p3_biomassKT='0.15', p4_nh4='5',347,0.7442
348: p1_percSucr='80', p2_biomassSynecho='1.5', p3_biomassKT='0.1', p4_nh4='13',348,0.137531
349: p1_percSucr='40', p2_biomassSynecho='1.75', p3_biomassKT='0.175', p4_nh4='5',349,0.744238
350: p1_percSucr='50', p2_biomassSynecho='1.25', p3_biomassKT='0.02', p4_nh4='15',350,0.135785
351: p1_percSucr='60', p2_biomassSynecho='0.5', p3_biomassKT='0.175', p4_nh4='1.5',351,0.044893
352: p1_percSucr='60', p2_biomassSynecho='1.75', p3_biomassKT='0.075', p4_nh4='2.5',352,0.558197
353: p1_percSucr='70', p2_biomassSynecho='0.5', p3_biomassKT='0.02', p4_nh4='12',353,0
354: p1_percSucr='60', p2_biomassSynecho='1.5', p3_biomassKT='0.1', p4_nh4='4',354,0.0684142
355: p1_percSucr='30', p2_biomassSynecho='1.75', p3_biomassKT='0.02', p4_nh4='4',355,0.6342
356: p1_percSucr='40', p2_biomassSynecho='1.75', p3_biomassKT='0.2', p4_nh4='0.5',356,0.79749
357: p1_percSucr='40', p2_biomassSynecho='2', p3_biomassKT='0.2', p4_nh4='7',357,0.801393
358: p1_percSucr='20', p2_biomassSynecho='1', p3_biomassKT='0.175', p4_nh4='13',358,0.0715786
359: p1_percSucr='40', p2_biomassSynecho='1.75', p3_biomassKT='0.2', p4_nh4='1',359,0.792536
360: p1_percSucr='70', p2_biomassSynecho='1.25', p3_biomassKT='0.175', p4_nh4='6',360,0.100861
361: p1_percSucr='30', p2_biomassSynecho='0.75', p3_biomassKT='0.075', p4_nh4='3.5',361,0.0357203
362: p1_percSucr='40', p2_biomassSynecho='1.75', p3_biomassKT='0.2', p4_nh4='1.5',362,0.787288
363: p1_percSucr='10', p2_biomassSynecho='1', p3_biomassKT='0.125', p4_nh4='12',363,0.0398051
364: p1_percSucr='40', p2_biomassSynecho='1.75', p3_biomassKT='0.2', p4_nh4='2',364,0.781776
365: p1_percSucr='40', p2_biomassSynecho='1.75', p3_biomassKT='0.2', p4_nh4='3.5',365,0.764149
366: p1_percSucr='10', p2_biomassSynecho='0.75', p3_biomassKT='0.1', p4_nh4='3.5',366,0.0222243
367: p1_percSucr='30', p2_biomassSynecho='1', p3_biomassKT='0.02', p4_nh4='13',367,0.0782609
368: p1_percSucr='10', p2_biomassSynecho='1', p3_biomassKT='0.075', p4_nh4='7',368,0.0264387
369: p1_percSucr='80', p2_biomassSynecho='0.5', p3_biomassKT='0.05', p4_nh4='12',369,0
370: p1_percSucr='60', p2_biomassSynecho='2', p3_biomassKT='0.175', p4_nh4='6',370,0.602738
371: p1_percSucr='40', p2_biomassSynecho='0.5', p3_biomassKT='0.02', p4_nh4='5',371,0.0427951
372: p1_percSucr='70', p2_biomassSynecho='1.75', p3_biomassKT='0.175', p4_nh4='6',372,0.104963
373: p1_percSucr='80', p2_biomassSynecho='0.75', p3_biomassKT='0.075', p4_nh4='5',373,0.0706049
374: p1_percSucr='40', p2_biomassSynecho='2', p3_biomassKT='0.175', p4_nh4='6',374,0.0849649
375: p1_percSucr='30', p2_biomassSynecho='1.75', p3_biomassKT='0.2', p4_nh4='2',375,0.661668
376: p1_percSucr='60', p2_biomassSynecho='0.75', p3_biomassKT='0.15', p4_nh4='2.5',376,0.0541885
377: p1_percSucr='30', p2_biomassSynecho='1.75', p3_biomassKT='0.2', p4_nh4='3',377,0.649171
378: p1_percSucr='30', p2_biomassSynecho='1.5', p3_biomassKT='0.15', p4_nh4='15',378,0.112215
379: p1_percSucr='30', p2_biomassSynecho='1.75', p3_biomassKT='0.2', p4_nh4='0.5',379,0.679645
380: p1_percSucr='80', p2_biomassSynecho='2', p3_biomassKT='0.15', p4_nh4='13',380,0.178852
381: p1_percSucr='30', p2_biomassSynecho='1.75', p3_biomassKT='0.2', p4_nh4='2.5',381,0.655529
382: p1_percSucr='60', p2_biomassSynecho='2', p3_biomassKT='0.02', p4_nh4='2',382,0.647012
383: p1_percSucr='40', p2_biomassSynecho='0.5', p3_biomassKT='0.175', p4_nh4='5',383,0.0596045
384: p1_percSucr='30', p2_biomassSynecho='1.75', p3_biomassKT='0.2', p4_nh4='1',384,0.673804
385: p1_percSucr='40', p2_biomassSynecho='1.75', p3_biomassKT='0.2', p4_nh4='4',385,0.0697831
386: p1_percSucr='70', p2_biomassSynecho='1', p3_biomassKT='0.125', p4_nh4='8',386,0.106444
387: p1_percSucr='20', p2_biomassSynecho='0.5', p3_biomassKT='0.175', p4_nh4='0.5',387,0.0288498
388: p1_percSucr='50', p2_biomassSynecho='0.5', p3_biomassKT='0.125', p4_nh4='11',388,0
389: p1_percSucr='50', p2_biomassSynecho='2', p3_biomassKT='0.2', p4_nh4='4',389,0.0796194
390: p1_percSucr='50', p2_biomassSynecho='0.75', p3_biomassKT='0.2', p4_nh4='0.5',390,0.312067
391: p1_percSucr='30', p2_biomassSynecho='1.75', p3_biomassKT='0.15', p4_nh4='5',391,0.623205
392: p1_percSucr='40', p2_biomassSynecho='1.5', p3_biomassKT='0.02', p4_nh4='3.5',392,0.665079
393: p1_percSucr='30', p2_biomassSynecho='1.75', p3_biomassKT='0.125', p4_nh4='5',393,0.623075
394: p1_percSucr='40', p2_biomassSynecho='1.25', p3_biomassKT='0.2', p4_nh4='5',394,0.0759569
395: p1_percSucr='20', p2_biomassSynecho='1.25', p3_biomassKT='0.02', p4_nh4='8',395,0.0411801
396: p1_percSucr='50', p2_biomassSynecho='2', p3_biomassKT='0.2', p4_nh4='1',396,0.835554
397: p1_percSucr='50', p2_biomassSynecho='2', p3_biomassKT='0.02', p4_nh4='12',397,0.135175
398: p1_percSucr='50', p2_biomassSynecho='1.75', p3_biomassKT='0.05', p4_nh4='1.5',398,0.725483
399: p1_percSucr='70', p2_biomassSynecho='1.25', p3_biomassKT='0.2', p4_nh4='1.5',399,0.288017
400: p1_percSucr='50', p2_biomassSynecho='0.75', p3_biomassKT='0.175', p4_nh4='4',400,0.0682805
401: p1_percSucr='10', p2_biomassSynecho='0.75', p3_biomassKT='0.175', p4_nh4='11',401,0.0404407
402: p1_percSucr='80', p2_biomassSynecho='1', p3_biomassKT='0.175', p4_nh4='13',402,0
403: p1_percSucr='50', p2_biomassSynecho='2', p3_biomassKT='0.2', p4_nh4='2',403,0.826309
404: p1_percSucr='30', p2_biomassSynecho='0.5', p3_biomassKT='0.02', p4_nh4='9',404,0.0479652
405: p1_percSucr='50', p2_biomassSynecho='2', p3_biomassKT='0.2', p4_nh4='6',405,0.788514
406: p1_percSucr='70', p2_biomassSynecho='0.75', p3_biomassKT='0.15', p4_nh4='3',406,0.0603652
407: p1_percSucr='60', p2_biomassSynecho='2', p3_biomassKT='0.2', p4_nh4='6',407,0.602673
408: p1_percSucr='20', p2_biomassSynecho='1.5', p3_biomassKT='0.15', p4_nh4='1',408,0.429949
409: p1_percSucr='30', p2_biomassSynecho='0.75', p3_biomassKT='0.15', p4_nh4='8',409,0.0662514
410: p1_percSucr='30', p2_biomassSynecho='2', p3_biomassKT='0.2', p4_nh4='6',410,0.0745107
411: p1_percSucr='50', p2_biomassSynecho='1', p3_biomassKT='0.075', p4_nh4='13',411,0.118636
412: p1_percSucr='50', p2_biomassSynecho='1.75', p3_biomassKT='0.2', p4_nh4='6',412,0.100301
413: p1_percSucr='60', p2_biomassSynecho='1.75', p3_biomassKT='0.075', p4_nh4='13',413,0.159437
414: p1_percSucr='40', p2_biomassSynecho='0.5', p3_biomassKT='0.1', p4_nh4='13',414,0
415: p1_percSucr='60', p2_biomassSynecho='1', p3_biomassKT='0.15', p4_nh4='1.5',415,0.320045
416: p1_percSucr='10', p2_biomassSynecho='1', p3_biomassKT='0.125', p4_nh4='11',416,0.0385314
417: p1_percSucr='20', p2_biomassSynecho='0.5', p3_biomassKT='0.175', p4_nh4='14',417,0.054551
418: p1_percSucr='40', p2_biomassSynecho='2', p3_biomassKT='0.15', p4_nh4='4',418,0.850248
419: p1_percSucr='50', p2_biomassSynecho='1.25', p3_biomassKT='0.125', p4_nh4='12',419,0.131632
420: p1_percSucr='40', p2_biomassSynecho='2', p3_biomassKT='0.1', p4_nh4='4',420,0.850214
421: p1_percSucr='10', p2_biomassSynecho='0.75', p3_biomassKT='0.05', p4_nh4='3.5',421,0.0157063
422: p1_percSucr='40', p2_biomassSynecho='0.75', p3_biomassKT='0.15', p4_nh4='1.5',422,0.0372842
423: p1_percSucr='20', p2_biomassSynecho='1.75', p3_biomassKT='0.125', p4_nh4='5',423,0.442149
424: p1_percSucr='60', p2_biomassSynecho='0.5', p3_biomassKT='0.15', p4_nh4='4.5',424,0.0654666
425: p1_percSucr='10', p2_biomassSynecho='1', p3_biomassKT='0.125', p4_nh4='3',425,0.0255283
426: p1_percSucr='40', p2_biomassSynecho='1.75', p3_biomassKT='0.2', p4_nh4='3',426,0.768353
427: p1_percSucr='70', p2_biomassSynecho='0.5', p3_biomassKT='0.02', p4_nh4='3.5',427,0.0440827
428: p1_percSucr='50', p2_biomassSynecho='1.75', p3_biomassKT='0.2', p4_nh4='3.5',428,0.0732963
429: p1_percSucr='20', p2_biomassSynecho='0.5', p3_biomassKT='0.075', p4_nh4='7',429,0.0357009
430: p1_percSucr='40', p2_biomassSynecho='1.75', p3_biomassKT='0.1', p4_nh4='3',430,0.770466
431: p1_percSucr='40', p2_biomassSynecho='1.5', p3_biomassKT='0.15', p4_nh4='15',431,0.138228
432: p1_percSucr='40', p2_biomassSynecho='1.75', p3_biomassKT='0.15', p4_nh4='3',432,0.770369
433: p1_percSucr='10', p2_biomassSynecho='1.75', p3_biomassKT='0.05', p4_nh4='3',433,0.238093
434: p1_percSucr='40', p2_biomassSynecho='1.75', p3_biomassKT='0.05', p4_nh4='3',434,0.770569
435: p1_percSucr='50', p2_biomassSynecho='1.75', p3_biomassKT='0.2', p4_nh4='2.5',435,0.715949
436: p1_percSucr='20', p2_biomassSynecho='1.5', p3_biomassKT='0.02', p4_nh4='6',436,0.392119
437: p1_percSucr='50', p2_biomassSynecho='1.75', p3_biomassKT='0.2', p4_nh4='2',437,0.72064
438: p1_percSucr='30', p2_biomassSynecho='1.5', p3_biomassKT='0.1', p4_nh4='14',438,0.102176
439: p1_percSucr='70', p2_biomassSynecho='0.75', p3_biomassKT='0.02', p4_nh4='12',439,0
440: p1_percSucr='70', p2_biomassSynecho='1.25', p3_biomassKT='0.175', p4_nh4='0.5',440,0.299028
441: p1_percSucr='10', p2_biomassSynecho='0.5', p3_biomassKT='0.05', p4_nh4='12',441,0.0254421
442: p1_percSucr='50', p2_biomassSynecho='1.75', p3_biomassKT='0.2', p4_nh4='1.5',442,0.725307
443: p1_percSucr='70', p2_biomassSynecho='0.5', p3_biomassKT='0.02', p4_nh4='14',443,0
444: p1_percSucr='20', p2_biomassSynecho='1', p3_biomassKT='0.175', p4_nh4='5',444,0.0478196
445: p1_percSucr='40', p2_biomassSynecho='1.75', p3_biomassKT='0.175', p4_nh4='4',445,0.0662586
446: p1_percSucr='10', p2_biomassSynecho='1.75', p3_biomassKT='0.02', p4_nh4='4',446,0.234903
447: p1_percSucr='40', p2_biomassSynecho='1.75', p3_biomassKT='0.125', p4_nh4='4',447,0.755387
448: p1_percSucr='10', p2_biomassSynecho='1.75', p3_biomassKT='0.05', p4_nh4='4',448,0.234948
449: p1_percSucr='60', p2_biomassSynecho='2', p3_biomassKT='0.125', p4_nh4='8',449,0.121314
450: p1_percSucr='40', p2_biomassSynecho='1.75', p3_biomassKT='0.075', p4_nh4='4',450,0.756022
451: p1_percSucr='70', p2_biomassSynecho='0.75', p3_biomassKT='0.1', p4_nh4='11',451,0
452: p1_percSucr='40', p2_biomassSynecho='1.75', p3_biomassKT='0.15', p4_nh4='3.5',452,0.764211
453: p1_percSucr='80', p2_biomassSynecho='0.75', p3_biomassKT='0.075', p4_nh4='15',453,0
454: p1_percSucr='40', p2_biomassSynecho='1.75', p3_biomassKT='0.05', p4_nh4='3.5',454,0.762338
455: p1_percSucr='70', p2_biomassSynecho='2', p3_biomassKT='0.02', p4_nh4='4.5',455,0.436772
456: p1_percSucr='50', p2_biomassSynecho='2', p3_biomassKT='0.075', p4_nh4='7',456,0.779457
457: p1_percSucr='10', p2_biomassSynecho='1.75', p3_biomassKT='0.05', p4_nh4='15',457,0.0415301
458: p1_percSucr='60', p2_biomassSynecho='1.75', p3_biomassKT='0.15', p4_nh4='4.5',458,0.53592
459: p1_percSucr='80', p2_biomassSynecho='0.75', p3_biomassKT='0.125', p4_nh4='8',459,0.0479286
460: p1_percSucr='60', p2_biomassSynecho='1.75', p3_biomassKT='0.125', p4_nh4='4.5',460,0.536
461: p1_percSucr='20', p2_biomassSynecho='1.5', p3_biomassKT='0.125', p4_nh4='1',461,0.429973
462: p1_percSucr='60', p2_biomassSynecho='1.75', p3_biomassKT='0.175', p4_nh4='4.5',462,0.086236
463: p1_percSucr='80', p2_biomassSynecho='1', p3_biomassKT='0.05', p4_nh4='7',463,0.0904068
464: p1_percSucr='60', p2_biomassSynecho='1.75', p3_biomassKT='0.175', p4_nh4='5',464,0.53017
465: p1_percSucr='50', p2_biomassSynecho='0.5', p3_biomassKT='0.075', p4_nh4='2.5',465,0.0386447
466: p1_percSucr='40', p2_biomassSynecho='2', p3_biomassKT='0.175', p4_nh4='4.5',466,0.0714928
467: p1_percSucr='30', p2_biomassSynecho='0.75', p3_biomassKT='0.02', p4_nh4='15',467,0.0747739
468: p1_percSucr='20', p2_biomassSynecho='2', p3_biomassKT='0.125', p4_nh4='13',468,0.0783685
469: p1_percSucr='60', p2_biomassSynecho='1.5', p3_biomassKT='0.125', p4_nh4='8',469,0.116169
470: p1_percSucr='80', p2_biomassSynecho='2', p3_biomassKT='0.02', p4_nh4='13',470,0.160055
471: p1_percSucr='70', p2_biomassSynecho='1.5', p3_biomassKT='0.05', p4_nh4='3',471,0.332776
472: p1_percSucr='10', p2_biomassSynecho='0.75', p3_biomassKT='0.075', p4_nh4='8',472,0.0264228
473: p1_percSucr='10', p2_biomassSynecho='1.5', p3_biomassKT='0.05', p4_nh4='14',473,0.0384895
474: p1_percSucr='50', p2_biomassSynecho='2', p3_biomassKT='0.175', p4_nh4='4.5',474,0.802885
475: p1_percSucr='40', p2_biomassSynecho='1', p3_biomassKT='0.15', p4_nh4='2',475,0.0424218
476: p1_percSucr='30', p2_biomassSynecho='1.75', p3_biomassKT='0.15', p4_nh4='15',476,0.116651
477: p1_percSucr='40', p2_biomassSynecho='1.75', p3_biomassKT='0.175', p4_nh4='6',477,0.729691
478: p1_percSucr='10', p2_biomassSynecho='2', p3_biomassKT='0.2', p4_nh4='6',478,0.0439993
479: p1_percSucr='40', p2_biomassSynecho='0.5', p3_biomassKT='0.125', p4_nh4='8',479,0.0640245
480: p1_percSucr='10', p2_biomassSynecho='2', p3_biomassKT='0.2', p4_nh4='7',480,0.0460226
481: p1_percSucr='40', p2_biomassSynecho='0.5', p3_biomassKT='0.075', p4_nh4='6',481,0.0533148
482: p1_percSucr='60', p2_biomassSynecho='1.5', p3_biomassKT='0.2', p4_nh4='1',482,0.490803
483: p1_percSucr='60', p2_biomassSynecho='2', p3_biomassKT='0.2', p4_nh4='4.5',483,0.619471
484: p1_percSucr='60', p2_biomassSynecho='1.5', p3_biomassKT='0.2', p4_nh4='2',484,0.479793
485: p1_percSucr='60', p2_biomassSynecho='1.75', p3_biomassKT='0.075', p4_nh4='5',485,0.0776256
486: p1_percSucr='30', p2_biomassSynecho='1.75', p3_biomassKT='0.2', p4_nh4='3.5',486,0.056907
487: p1_percSucr='10', p2_biomassSynecho='2', p3_biomassKT='0.125', p4_nh4='8',487,0.0380292
488: p1_percSucr='20', p2_biomassSynecho='1.5', p3_biomassKT='0.175', p4_nh4='1',488,0.429916
489: p1_percSucr='70', p2_biomassSynecho='1.5', p3_biomassKT='0.175', p4_nh4='3',489,0.332527
490: p1_percSucr='30', p2_biomassSynecho='1.5', p3_biomassKT='0.02', p4_nh4='3.5',490,0.576173
491: p1_percSucr='60', p2_biomassSynecho='1', p3_biomassKT='0.15', p4_nh4='1',491,0.325694
492: p1_percSucr='30', p2_biomassSynecho='1.5', p3_biomassKT='0.02', p4_nh4='3',492,0.58218
493: p1_percSucr='60', p2_biomassSynecho='1.25', p3_biomassKT='0.05', p4_nh4='10',493,0.138665
494: p1_percSucr='80', p2_biomassSynecho='1.5', p3_biomassKT='0.15', p4_nh4='4.5',494,0.236296
495: p1_percSucr='40', p2_biomassSynecho='2', p3_biomassKT='0.175', p4_nh4='3.5',495,0.85769
496: p1_percSucr='50', p2_biomassSynecho='0.75', p3_biomassKT='0.02', p4_nh4='6',496,0.0646882
497: p1_percSucr='30', p2_biomassSynecho='1', p3_biomassKT='0.05', p4_nh4='15',497,0.0882196
498: p1_percSucr='50', p2_biomassSynecho='1', p3_biomassKT='0.175', p4_nh4='4',498,0.0713877
499: p1_percSucr='40', p2_biomassSynecho='2', p3_biomassKT='0.02', p4_nh4='3.5',499,0.858441
500: p1_percSucr='50', p2_biomassSynecho='1', p3_biomassKT='0.05', p4_nh4='1.5',500,0.408539
