1: p1_ec1='0.25', p2_ec2='0.25', p3_ec3='0.25', p4_ec4='0.25', p5_arg='1.5', p6_lys='1.5', p7_met='1.5', p8_phe='1.5',1,0.848145
2: p1_ec1='0.15', p2_ec2='0.15', p3_ec3='0.05', p4_ec4='0.65', p5_arg='1.7', p6_lys='1.6', p7_met='1.4', p8_phe='1.2',2,0
3: p1_ec1='0.45', p2_ec2='0.1', p3_ec3='0.3', p4_ec4='0.15', p5_arg='1.7', p6_lys='1.6', p7_met='1.8', p8_phe='1.8',3,0.912122
4: p1_ec1='0.20', p2_ec2='0.1', p3_ec3='0.45', p4_ec4='0.25', p5_arg='1.9', p6_lys='1.3', p7_met='1.7', p8_phe='1.1',4,0
5: p1_ec1='0.05', p2_ec2='0.55', p3_ec3='0.1', p4_ec4='0.3', p5_arg='1.8', p6_lys='1.7', p7_met='1.8', p8_phe='1.2',5,0
6: p1_ec1='0.35', p2_ec2='0.4', p3_ec3='0.05', p4_ec4='0.20', p5_arg='1.7', p6_lys='1.3', p7_met='1.7', p8_phe='1.1',6,0
7: p1_ec1='0.20', p2_ec2='0.45', p3_ec3='0.05', p4_ec4='0.3', p5_arg='1.1', p6_lys='2', p7_met='1.5', p8_phe='1.3',7,0
8: p1_ec1='0.15', p2_ec2='0.7', p3_ec3='0.1', p4_ec4='0.05', p5_arg='1.1', p6_lys='1.5', p7_met='1.6', p8_phe='1.8',8,0
9: p1_ec1='0.05', p2_ec2='0.3', p3_ec3='0.25', p4_ec4='0.4', p5_arg='1.9', p6_lys='2', p7_met='1.9', p8_phe='1',9,0
10: p1_ec1='0.05', p2_ec2='0.55', p3_ec3='0.15', p4_ec4='0.25', p5_arg='1.2', p6_lys='1.1', p7_met='1.1', p8_phe='2',10,0
11: p1_ec1='0.25', p2_ec2='0.5', p3_ec3='0.15', p4_ec4='0.1', p5_arg='1.9', p6_lys='1.5', p7_met='1.6', p8_phe='1.1',11,0.838119
12: p1_ec1='0.15', p2_ec2='0.35', p3_ec3='0.15', p4_ec4='0.35', p5_arg='1.4', p6_lys='1.4', p7_met='1.2', p8_phe='1.3',12,0
13: p1_ec1='0.1', p2_ec2='0.4', p3_ec3='0.05', p4_ec4='0.45', p5_arg='1.3', p6_lys='1', p7_met='1.6', p8_phe='1.6',13,0
14: p1_ec1='0.45', p2_ec2='0.15', p3_ec3='0.05', p4_ec4='0.35', p5_arg='1.4', p6_lys='1.4', p7_met='1', p8_phe='2',14,0.850734
15: p1_ec1='0.15', p2_ec2='0.15', p3_ec3='0.1', p4_ec4='0.6', p5_arg='1.9', p6_lys='1', p7_met='1.6', p8_phe='1',15,0
16: p1_ec1='0.15', p2_ec2='0.1', p3_ec3='0.05', p4_ec4='0.7', p5_arg='1.7', p6_lys='1.5', p7_met='2', p8_phe='1',16,0
17: p1_ec1='0.65', p2_ec2='0.1', p3_ec3='0.15', p4_ec4='0.1', p5_arg='1.1', p6_lys='2', p7_met='1.7', p8_phe='1.2',17,0.926278
18: p1_ec1='0.05', p2_ec2='0.20', p3_ec3='0.25', p4_ec4='0.5', p5_arg='1', p6_lys='1.2', p7_met='1', p8_phe='1.4',18,0
19: p1_ec1='0.6', p2_ec2='0.20', p3_ec3='0.15', p4_ec4='0.05', p5_arg='1.9', p6_lys='1.2', p7_met='1.9', p8_phe='1.4',19,0.856822
20: p1_ec1='0.3', p2_ec2='0.20', p3_ec3='0.25', p4_ec4='0.25', p5_arg='1.3', p6_lys='1.2', p7_met='1.8', p8_phe='1.3',20,0
21: p1_ec1='0.20', p2_ec2='0.35', p3_ec3='0.15', p4_ec4='0.3', p5_arg='2', p6_lys='1.4', p7_met='1', p8_phe='1.6',21,0
22: p1_ec1='0.55', p2_ec2='0.15', p3_ec3='0.05', p4_ec4='0.25', p5_arg='1.7', p6_lys='1.1', p7_met='1.1', p8_phe='1.4',22,0.899993
23: p1_ec1='0.05', p2_ec2='0.15', p3_ec3='0.15', p4_ec4='0.65', p5_arg='1.3', p6_lys='1.3', p7_met='1.1', p8_phe='1.6',23,0
24: p1_ec1='0.1', p2_ec2='0.6', p3_ec3='0.25', p4_ec4='0.05', p5_arg='1.6', p6_lys='1', p7_met='2', p8_phe='1.8',24,0
25: p1_ec1='0.05', p2_ec2='0.7', p3_ec3='0.20', p4_ec4='0.05', p5_arg='1.4', p6_lys='2', p7_met='1.7', p8_phe='1.6',25,0
26: p1_ec1='0.55', p2_ec2='0.1', p3_ec3='0.1', p4_ec4='0.25', p5_arg='1.7', p6_lys='1.3', p7_met='1.6', p8_phe='1.1',26,0.940441
27: p1_ec1='0.15', p2_ec2='0.1', p3_ec3='0.35', p4_ec4='0.4', p5_arg='1.8', p6_lys='1.2', p7_met='1.7', p8_phe='1.6',27,0
28: p1_ec1='0.35', p2_ec2='0.05', p3_ec3='0.55', p4_ec4='0.05', p5_arg='1.6', p6_lys='1.7', p7_met='1.3', p8_phe='1.5',28,0
29: p1_ec1='0.15', p2_ec2='0.4', p3_ec3='0.25', p4_ec4='0.20', p5_arg='1.5', p6_lys='1.4', p7_met='1.5', p8_phe='1',29,0
30: p1_ec1='0.25', p2_ec2='0.05', p3_ec3='0.3', p4_ec4='0.4', p5_arg='1.1', p6_lys='1.8', p7_met='1.8', p8_phe='1.2',30,0
31: p1_ec1='0.35', p2_ec2='0.20', p3_ec3='0.15', p4_ec4='0.3', p5_arg='1.9', p6_lys='1.6', p7_met='1.4', p8_phe='1.3',31,0.917298
32: p1_ec1='0.45', p2_ec2='0.05', p3_ec3='0.05', p4_ec4='0.45', p5_arg='1.3', p6_lys='1.4', p7_met='1.2', p8_phe='1.9',32,0.801805
33: p1_ec1='0.20', p2_ec2='0.3', p3_ec3='0.25', p4_ec4='0.25', p5_arg='1.5', p6_lys='1.6', p7_met='1.2', p8_phe='1.2',33,0.820719
34: p1_ec1='0.5', p2_ec2='0.05', p3_ec3='0.05', p4_ec4='0.4', p5_arg='1.8', p6_lys='1.7', p7_met='1.1', p8_phe='1.8',34,0.848347
35: p1_ec1='0.1', p2_ec2='0.45', p3_ec3='0.15', p4_ec4='0.3', p5_arg='1.4', p6_lys='1.8', p7_met='1.6', p8_phe='1',35,0
36: p1_ec1='0.45', p2_ec2='0.05', p3_ec3='0.1', p4_ec4='0.4', p5_arg='1.4', p6_lys='1.1', p7_met='1.4', p8_phe='2',36,0
37: p1_ec1='0.15', p2_ec2='0.5', p3_ec3='0.05', p4_ec4='0.3', p5_arg='1.2', p6_lys='1.5', p7_met='1.9', p8_phe='1.1',37,0
38: p1_ec1='0.45', p2_ec2='0.1', p3_ec3='0.05', p4_ec4='0.4', p5_arg='1.4', p6_lys='1.6', p7_met='1.5', p8_phe='2',38,0.899762
39: p1_ec1='0.20', p2_ec2='0.4', p3_ec3='0.35', p4_ec4='0.05', p5_arg='1.1', p6_lys='2', p7_met='1.6', p8_phe='1.8',39,0.833207
40: p1_ec1='0.45', p2_ec2='0.05', p3_ec3='0.05', p4_ec4='0.45', p5_arg='1.2', p6_lys='1.6', p7_met='1.6', p8_phe='2',40,0.804095
41: p1_ec1='0.4', p2_ec2='0.1', p3_ec3='0.35', p4_ec4='0.15', p5_arg='1.3', p6_lys='2', p7_met='1.6', p8_phe='2',41,0
42: p1_ec1='0.45', p2_ec2='0.05', p3_ec3='0.05', p4_ec4='0.45', p5_arg='1.8', p6_lys='1.9', p7_met='1.6', p8_phe='2',42,0.908721
43: p1_ec1='0.20', p2_ec2='0.15', p3_ec3='0.05', p4_ec4='0.6', p5_arg='1.8', p6_lys='2', p7_met='2', p8_phe='1.7',43,0
44: p1_ec1='0.45', p2_ec2='0.1', p3_ec3='0.05', p4_ec4='0.4', p5_arg='1.9', p6_lys='1.8', p7_met='1.6', p8_phe='1',44,0.959668
45: p1_ec1='0.3', p2_ec2='0.35', p3_ec3='0.05', p4_ec4='0.3', p5_arg='1.3', p6_lys='1', p7_met='1.3', p8_phe='1.2',45,0
46: p1_ec1='0.5', p2_ec2='0.05', p3_ec3='0.05', p4_ec4='0.4', p5_arg='2', p6_lys='1.2', p7_met='1.3', p8_phe='1.6',46,0.853456
47: p1_ec1='0.05', p2_ec2='0.20', p3_ec3='0.65', p4_ec4='0.1', p5_arg='1.8', p6_lys='1.4', p7_met='2', p8_phe='1.1',47,0
48: p1_ec1='0.45', p2_ec2='0.1', p3_ec3='0.05', p4_ec4='0.4', p5_arg='1.2', p6_lys='1.9', p7_met='1.1', p8_phe='1.2',48,0.887061
49: p1_ec1='0.05', p2_ec2='0.1', p3_ec3='0.7', p4_ec4='0.15', p5_arg='1.6', p6_lys='1.4', p7_met='1.5', p8_phe='1.6',49,0
50: p1_ec1='0.45', p2_ec2='0.05', p3_ec3='0.05', p4_ec4='0.45', p5_arg='1.3', p6_lys='1.5', p7_met='1.8', p8_phe='1',50,0
51: p1_ec1='0.15', p2_ec2='0.65', p3_ec3='0.05', p4_ec4='0.15', p5_arg='2', p6_lys='1.7', p7_met='2', p8_phe='1.9',51,0
52: p1_ec1='0.5', p2_ec2='0.05', p3_ec3='0.05', p4_ec4='0.4', p5_arg='1.5', p6_lys='1.1', p7_met='1.2', p8_phe='1.9',52,0
53: p1_ec1='0.35', p2_ec2='0.20', p3_ec3='0.15', p4_ec4='0.3', p5_arg='1.6', p6_lys='2', p7_met='1.8', p8_phe='1.2',53,0.970733
54: p1_ec1='0.45', p2_ec2='0.05', p3_ec3='0.1', p4_ec4='0.4', p5_arg='2', p6_lys='2', p7_met='1.2', p8_phe='1.4',54,0.833711
55: p1_ec1='0.15', p2_ec2='0.3', p3_ec3='0.05', p4_ec4='0.5', p5_arg='1.5', p6_lys='1.4', p7_met='1.3', p8_phe='1',55,0
56: p1_ec1='0.5', p2_ec2='0.05', p3_ec3='0.05', p4_ec4='0.4', p5_arg='1.6', p6_lys='1.4', p7_met='1.6', p8_phe='1.2',56,0.861491
57: p1_ec1='0.20', p2_ec2='0.15', p3_ec3='0.4', p4_ec4='0.25', p5_arg='1.8', p6_lys='1.8', p7_met='1.8', p8_phe='1.9',57,0
58: p1_ec1='0.45', p2_ec2='0.05', p3_ec3='0.05', p4_ec4='0.45', p5_arg='1.4', p6_lys='1.3', p7_met='1', p8_phe='1.4',58,0.826174
59: p1_ec1='0.3', p2_ec2='0.05', p3_ec3='0.55', p4_ec4='0.1', p5_arg='1', p6_lys='1.8', p7_met='1.1', p8_phe='1.5',59,0
60: p1_ec1='0.45', p2_ec2='0.05', p3_ec3='0.1', p4_ec4='0.4', p5_arg='1.7', p6_lys='1.3', p7_met='1.4', p8_phe='1.5',60,0.813199
61: p1_ec1='0.15', p2_ec2='0.20', p3_ec3='0.55', p4_ec4='0.1', p5_arg='1.5', p6_lys='1.7', p7_met='1.1', p8_phe='1.3',61,0
62: p1_ec1='0.45', p2_ec2='0.1', p3_ec3='0.05', p4_ec4='0.4', p5_arg='1.9', p6_lys='2', p7_met='1.5', p8_phe='1.9',62,0.913994
63: p1_ec1='0.45', p2_ec2='0.1', p3_ec3='0.20', p4_ec4='0.25', p5_arg='1.3', p6_lys='1.8', p7_met='1.4', p8_phe='1.3',63,0
64: p1_ec1='0.4', p2_ec2='0.45', p3_ec3='0.1', p4_ec4='0.05', p5_arg='1.4', p6_lys='1.9', p7_met='1.7', p8_phe='1',64,0
65: p1_ec1='0.55', p2_ec2='0.1', p3_ec3='0.20', p4_ec4='0.15', p5_arg='1.6', p6_lys='1.3', p7_met='1.6', p8_phe='1.2',65,0.903584
66: p1_ec1='0.55', p2_ec2='0.1', p3_ec3='0.3', p4_ec4='0.05', p5_arg='1.2', p6_lys='1.5', p7_met='1.7', p8_phe='1.7',66,0
67: p1_ec1='0.55', p2_ec2='0.1', p3_ec3='0.3', p4_ec4='0.05', p5_arg='1.5', p6_lys='1.5', p7_met='1.5', p8_phe='1.3',67,0
68: p1_ec1='0.5', p2_ec2='0.05', p3_ec3='0.20', p4_ec4='0.25', p5_arg='1.7', p6_lys='1.4', p7_met='1.5', p8_phe='1.3',68,0
69: p1_ec1='0.6', p2_ec2='0.1', p3_ec3='0.25', p4_ec4='0.05', p5_arg='1', p6_lys='1.5', p7_met='1.2', p8_phe='1.1',69,0
70: p1_ec1='0.1', p2_ec2='0.45', p3_ec3='0.35', p4_ec4='0.1', p5_arg='1.1', p6_lys='1.8', p7_met='1.9', p8_phe='1.6',70,0.803556
71: p1_ec1='0.55', p2_ec2='0.1', p3_ec3='0.25', p4_ec4='0.1', p5_arg='1.3', p6_lys='1.3', p7_met='1.3', p8_phe='1.2',71,0
72: p1_ec1='0.05', p2_ec2='0.6', p3_ec3='0.20', p4_ec4='0.15', p5_arg='1.6', p6_lys='1', p7_met='1', p8_phe='1',72,0
73: p1_ec1='0.45', p2_ec2='0.1', p3_ec3='0.20', p4_ec4='0.25', p5_arg='1.4', p6_lys='1.8', p7_met='1.6', p8_phe='1.1',73,0
74: p1_ec1='0.25', p2_ec2='0.4', p3_ec3='0.25', p4_ec4='0.1', p5_arg='1.2', p6_lys='1.5', p7_met='1.6', p8_phe='1.7',74,0.885972
75: p1_ec1='0.8', p2_ec2='0.1', p3_ec3='0.05', p4_ec4='0.05', p5_arg='1.6', p6_lys='1.2', p7_met='1.5', p8_phe='1.2',75,0
76: p1_ec1='0.05', p2_ec2='0.45', p3_ec3='0.45', p4_ec4='0.05', p5_arg='2', p6_lys='1.5', p7_met='2', p8_phe='1.8',76,0.755345
77: p1_ec1='0.65', p2_ec2='0.1', p3_ec3='0.1', p4_ec4='0.15', p5_arg='1.4', p6_lys='1.2', p7_met='1.3', p8_phe='1.1',77,0.93349
78: p1_ec1='0.55', p2_ec2='0.25', p3_ec3='0.15', p4_ec4='0.05', p5_arg='1.7', p6_lys='1.1', p7_met='1', p8_phe='1.8',78,0.859079
79: p1_ec1='0.45', p2_ec2='0.1', p3_ec3='0.20', p4_ec4='0.25', p5_arg='1.5', p6_lys='1.3', p7_met='1.7', p8_phe='1.1',79,0
80: p1_ec1='0.05', p2_ec2='0.15', p3_ec3='0.35', p4_ec4='0.45', p5_arg='1.1', p6_lys='1.1', p7_met='1.2', p8_phe='1.3',80,0
81: p1_ec1='0.55', p2_ec2='0.1', p3_ec3='0.25', p4_ec4='0.1', p5_arg='1.6', p6_lys='1.8', p7_met='1.1', p8_phe='1.3',81,0.92917
82: p1_ec1='0.15', p2_ec2='0.65', p3_ec3='0.1', p4_ec4='0.1', p5_arg='1.7', p6_lys='1.1', p7_met='1.1', p8_phe='1.3',82,0
83: p1_ec1='0.65', p2_ec2='0.1', p3_ec3='0.20', p4_ec4='0.05', p5_arg='1.6', p6_lys='1.6', p7_met='1.1', p8_phe='1.1',83,0
84: p1_ec1='0.15', p2_ec2='0.05', p3_ec3='0.15', p4_ec4='0.65', p5_arg='1.4', p6_lys='2', p7_met='1.7', p8_phe='1.4',84,0
85: p1_ec1='0.45', p2_ec2='0.1', p3_ec3='0.3', p4_ec4='0.15', p5_arg='1', p6_lys='1.6', p7_met='1.1', p8_phe='1.3',85,0
86: p1_ec1='0.1', p2_ec2='0.35', p3_ec3='0.15', p4_ec4='0.4', p5_arg='1.9', p6_lys='1.4', p7_met='1.9', p8_phe='1.9',86,0
87: p1_ec1='0.5', p2_ec2='0.1', p3_ec3='0.25', p4_ec4='0.15', p5_arg='1.6', p6_lys='1.3', p7_met='1', p8_phe='1.3',87,0
88: p1_ec1='0.15', p2_ec2='0.55', p3_ec3='0.1', p4_ec4='0.20', p5_arg='1.7', p6_lys='1.6', p7_met='1.1', p8_phe='1.3',88,0
89: p1_ec1='0.5', p2_ec2='0.15', p3_ec3='0.25', p4_ec4='0.1', p5_arg='1.6', p6_lys='1.7', p7_met='1.6', p8_phe='1.1',89,0.961222
90: p1_ec1='0.5', p2_ec2='0.05', p3_ec3='0.05', p4_ec4='0.4', p5_arg='1.9', p6_lys='1.1', p7_met='1', p8_phe='1.5',90,0
91: p1_ec1='0.45', p2_ec2='0.25', p3_ec3='0.25', p4_ec4='0.05', p5_arg='1.6', p6_lys='1.7', p7_met='1.7', p8_phe='1.2',91,0
92: p1_ec1='0.4', p2_ec2='0.5', p3_ec3='0.05', p4_ec4='0.05', p5_arg='1.7', p6_lys='1.8', p7_met='2', p8_phe='1.6',92,0
93: p1_ec1='0.6', p2_ec2='0.20', p3_ec3='0.15', p4_ec4='0.05', p5_arg='1.6', p6_lys='1.2', p7_met='1.6', p8_phe='1.2',93,0.819649
94: p1_ec1='0.3', p2_ec2='0.25', p3_ec3='0.15', p4_ec4='0.3', p5_arg='1.6', p6_lys='1.4', p7_met='1.3', p8_phe='1.1',94,0
95: p1_ec1='0.3', p2_ec2='0.3', p3_ec3='0.05', p4_ec4='0.35', p5_arg='1.9', p6_lys='1.9', p7_met='1.8', p8_phe='1.7',95,0
96: p1_ec1='0.35', p2_ec2='0.25', p3_ec3='0.1', p4_ec4='0.3', p5_arg='1.2', p6_lys='1.2', p7_met='1.5', p8_phe='1.3',96,0
97: p1_ec1='0.25', p2_ec2='0.15', p3_ec3='0.3', p4_ec4='0.3', p5_arg='1.8', p6_lys='1.7', p7_met='1', p8_phe='1.8',97,0
98: p1_ec1='0.35', p2_ec2='0.25', p3_ec3='0.1', p4_ec4='0.3', p5_arg='1.7', p6_lys='1.4', p7_met='1.3', p8_phe='1.2',98,0
99: p1_ec1='0.45', p2_ec2='0.1', p3_ec3='0.4', p4_ec4='0.05', p5_arg='1.6', p6_lys='1', p7_met='2', p8_phe='1.5',99,0
100: p1_ec1='0.4', p2_ec2='0.25', p3_ec3='0.1', p4_ec4='0.25', p5_arg='1.6', p6_lys='1.2', p7_met='1.5', p8_phe='1.2',100,0
101: p1_ec1='0.4', p2_ec2='0.3', p3_ec3='0.05', p4_ec4='0.25', p5_arg='1.2', p6_lys='2', p7_met='1.1', p8_phe='1.4',101,0
102: p1_ec1='0.4', p2_ec2='0.25', p3_ec3='0.15', p4_ec4='0.20', p5_arg='1.5', p6_lys='1.3', p7_met='1.3', p8_phe='1.3',102,0.879409
103: p1_ec1='0.1', p2_ec2='0.25', p3_ec3='0.15', p4_ec4='0.5', p5_arg='1.9', p6_lys='1.6', p7_met='1.7', p8_phe='1',103,0
104: p1_ec1='0.4', p2_ec2='0.20', p3_ec3='0.15', p4_ec4='0.25', p5_arg='1.7', p6_lys='1.2', p7_met='1.3', p8_phe='1.3',104,0
105: p1_ec1='0.05', p2_ec2='0.15', p3_ec3='0.20', p4_ec4='0.6', p5_arg='1.3', p6_lys='1.4', p7_met='2', p8_phe='1.5',105,0
106: p1_ec1='0.4', p2_ec2='0.15', p3_ec3='0.15', p4_ec4='0.3', p5_arg='1.7', p6_lys='1.3', p7_met='1.6', p8_phe='1.2',106,0.933234
107: p1_ec1='0.25', p2_ec2='0.4', p3_ec3='0.1', p4_ec4='0.25', p5_arg='1', p6_lys='1.7', p7_met='1.4', p8_phe='1.3',107,0
108: p1_ec1='0.7', p2_ec2='0.1', p3_ec3='0.05', p4_ec4='0.15', p5_arg='2', p6_lys='1.7', p7_met='1.2', p8_phe='1.1',108,0.876539
109: p1_ec1='0.05', p2_ec2='0.65', p3_ec3='0.25', p4_ec4='0.05', p5_arg='1.8', p6_lys='1.6', p7_met='1.9', p8_phe='1.1',109,0
110: p1_ec1='0.3', p2_ec2='0.20', p3_ec3='0.15', p4_ec4='0.35', p5_arg='1.7', p6_lys='1.4', p7_met='1.3', p8_phe='1.1',110,0
111: p1_ec1='0.75', p2_ec2='0.05', p3_ec3='0.15', p4_ec4='0.05', p5_arg='1.1', p6_lys='1.7', p7_met='1.7', p8_phe='1',111,0
112: p1_ec1='0.4', p2_ec2='0.1', p3_ec3='0.15', p4_ec4='0.35', p5_arg='1.4', p6_lys='1.2', p7_met='1.3', p8_phe='1.1',112,0
113: p1_ec1='0.1', p2_ec2='0.1', p3_ec3='0.05', p4_ec4='0.75', p5_arg='1.3', p6_lys='2', p7_met='1.9', p8_phe='1.5',113,0
114: p1_ec1='0.35', p2_ec2='0.15', p3_ec3='0.15', p4_ec4='0.35', p5_arg='1.1', p6_lys='1.2', p7_met='1.6', p8_phe='1.1',114,0
115: p1_ec1='0.25', p2_ec2='0.20', p3_ec3='0.15', p4_ec4='0.4', p5_arg='1.3', p6_lys='2', p7_met='1.1', p8_phe='1',115,0
116: p1_ec1='0.35', p2_ec2='0.25', p3_ec3='0.15', p4_ec4='0.25', p5_arg='1.7', p6_lys='1.2', p7_met='1.2', p8_phe='1.1',116,0
117: p1_ec1='0.8', p2_ec2='0.1', p3_ec3='0.05', p4_ec4='0.05', p5_arg='1.4', p6_lys='1', p7_met='1.4', p8_phe='1.3',117,0
118: p1_ec1='0.35', p2_ec2='0.25', p3_ec3='0.1', p4_ec4='0.3', p5_arg='1.7', p6_lys='1.3', p7_met='1', p8_phe='1.1',118,0.906565
119: p1_ec1='0.05', p2_ec2='0.65', p3_ec3='0.15', p4_ec4='0.15', p5_arg='1.3', p6_lys='1.8', p7_met='1.2', p8_phe='1.7',119,0
120: p1_ec1='0.4', p2_ec2='0.15', p3_ec3='0.15', p4_ec4='0.3', p5_arg='1.6', p6_lys='1.8', p7_met='1.6', p8_phe='1.8',120,0.919197
121: p1_ec1='0.1', p2_ec2='0.1', p3_ec3='0.65', p4_ec4='0.15', p5_arg='1.2', p6_lys='1', p7_met='1.2', p8_phe='1.6',121,0
122: p1_ec1='0.4', p2_ec2='0.15', p3_ec3='0.15', p4_ec4='0.3', p5_arg='1.2', p6_lys='1.3', p7_met='1.5', p8_phe='1.4',122,0.923219
123: p1_ec1='0.20', p2_ec2='0.25', p3_ec3='0.20', p4_ec4='0.35', p5_arg='1.4', p6_lys='1.5', p7_met='2', p8_phe='1.3',123,0
124: p1_ec1='0.4', p2_ec2='0.25', p3_ec3='0.1', p4_ec4='0.25', p5_arg='1.7', p6_lys='1.3', p7_met='1.5', p8_phe='1.7',124,0.883512
125: p1_ec1='0.15', p2_ec2='0.3', p3_ec3='0.35', p4_ec4='0.20', p5_arg='1.5', p6_lys='1.4', p7_met='1.8', p8_phe='1.3',125,0
126: p1_ec1='0.7', p2_ec2='0.15', p3_ec3='0.05', p4_ec4='0.1', p5_arg='1.8', p6_lys='1.2', p7_met='1.5', p8_phe='1.3',126,0.764965
127: p1_ec1='0.15', p2_ec2='0.25', p3_ec3='0.5', p4_ec4='0.1', p5_arg='1.9', p6_lys='1.5', p7_met='1.5', p8_phe='1.9',127,0
128: p1_ec1='0.4', p2_ec2='0.15', p3_ec3='0.05', p4_ec4='0.4', p5_arg='1.6', p6_lys='1.4', p7_met='1.4', p8_phe='1.3',128,0.928389
129: p1_ec1='0.05', p2_ec2='0.55', p3_ec3='0.35', p4_ec4='0.05', p5_arg='2', p6_lys='1.2', p7_met='1.3', p8_phe='1.1',129,0
130: p1_ec1='0.3', p2_ec2='0.15', p3_ec3='0.15', p4_ec4='0.4', p5_arg='1.2', p6_lys='2', p7_met='1.6', p8_phe='1.3',130,0
131: p1_ec1='0.20', p2_ec2='0.15', p3_ec3='0.05', p4_ec4='0.6', p5_arg='1', p6_lys='1', p7_met='1', p8_phe='2',131,0
132: p1_ec1='0.4', p2_ec2='0.15', p3_ec3='0.05', p4_ec4='0.4', p5_arg='1.4', p6_lys='1.8', p7_met='1.5', p8_phe='1.3',132,0.922105
133: p1_ec1='0.05', p2_ec2='0.35', p3_ec3='0.1', p4_ec4='0.5', p5_arg='1.2', p6_lys='1.9', p7_met='1.9', p8_phe='1.6',133,0
134: p1_ec1='0.35', p2_ec2='0.15', p3_ec3='0.15', p4_ec4='0.35', p5_arg='1.3', p6_lys='1.7', p7_met='1.3', p8_phe='1.2',134,0.952034
135: p1_ec1='0.6', p2_ec2='0.20', p3_ec3='0.15', p4_ec4='0.05', p5_arg='1.5', p6_lys='1.8', p7_met='1.4', p8_phe='1.1',135,0.895336
136: p1_ec1='0.35', p2_ec2='0.4', p3_ec3='0.05', p4_ec4='0.20', p5_arg='1.5', p6_lys='1.7', p7_met='1.2', p8_phe='1.4',136,0
137: p1_ec1='0.4', p2_ec2='0.1', p3_ec3='0.05', p4_ec4='0.45', p5_arg='1.1', p6_lys='1.4', p7_met='1.8', p8_phe='1.1',137,0.941147
138: p1_ec1='0.1', p2_ec2='0.05', p3_ec3='0.45', p4_ec4='0.4', p5_arg='1.2', p6_lys='1.7', p7_met='2', p8_phe='1.3',138,0
139: p1_ec1='0.4', p2_ec2='0.1', p3_ec3='0.15', p4_ec4='0.35', p5_arg='1.1', p6_lys='1.9', p7_met='1.9', p8_phe='1.2',139,0.882325
140: p1_ec1='0.55', p2_ec2='0.05', p3_ec3='0.1', p4_ec4='0.3', p5_arg='1.7', p6_lys='1.9', p7_met='1.2', p8_phe='1.1',140,0.854851
141: p1_ec1='0.75', p2_ec2='0.15', p3_ec3='0.05', p4_ec4='0.05', p5_arg='1.5', p6_lys='1.3', p7_met='1.4', p8_phe='1.1',141,0
142: p1_ec1='0.4', p2_ec2='0.15', p3_ec3='0.4', p4_ec4='0.05', p5_arg='1.2', p6_lys='1.8', p7_met='1.2', p8_phe='2',142,0
143: p1_ec1='0.6', p2_ec2='0.20', p3_ec3='0.15', p4_ec4='0.05', p5_arg='1', p6_lys='2', p7_met='1.6', p8_phe='1.4',143,0.858761
144: p1_ec1='0.3', p2_ec2='0.45', p3_ec3='0.20', p4_ec4='0.05', p5_arg='1', p6_lys='1.4', p7_met='1.9', p8_phe='1',144,0
145: p1_ec1='0.6', p2_ec2='0.20', p3_ec3='0.15', p4_ec4='0.05', p5_arg='1.5', p6_lys='1.6', p7_met='1.4', p8_phe='1.3',145,0.887671
146: p1_ec1='0.05', p2_ec2='0.4', p3_ec3='0.05', p4_ec4='0.5', p5_arg='1.1', p6_lys='1.9', p7_met='1.9', p8_phe='1.4',146,0
147: p1_ec1='0.4', p2_ec2='0.1', p3_ec3='0.15', p4_ec4='0.35', p5_arg='1.3', p6_lys='1.4', p7_met='1.8', p8_phe='1.3',147,0
148: p1_ec1='0.1', p2_ec2='0.3', p3_ec3='0.15', p4_ec4='0.45', p5_arg='1.9', p6_lys='1.1', p7_met='1.2', p8_phe='1.5',148,0
149: p1_ec1='0.4', p2_ec2='0.20', p3_ec3='0.1', p4_ec4='0.3', p5_arg='1', p6_lys='1.4', p7_met='1.8', p8_phe='1.4',149,0
150: p1_ec1='0.1', p2_ec2='0.3', p3_ec3='0.25', p4_ec4='0.35', p5_arg='1.8', p6_lys='1.4', p7_met='1.5', p8_phe='1.8',150,0
151: p1_ec1='0.4', p2_ec2='0.1', p3_ec3='0.15', p4_ec4='0.35', p5_arg='1.4', p6_lys='1.8', p7_met='2', p8_phe='1.4',151,0
152: p1_ec1='0.20', p2_ec2='0.5', p3_ec3='0.15', p4_ec4='0.15', p5_arg='1', p6_lys='1.1', p7_met='1.4', p8_phe='1.1',152,0
153: p1_ec1='0.45', p2_ec2='0.15', p3_ec3='0.05', p4_ec4='0.35', p5_arg='1.5', p6_lys='1.8', p7_met='2', p8_phe='1.1',153,0.896392
154: p1_ec1='0.35', p2_ec2='0.25', p3_ec3='0.15', p4_ec4='0.25', p5_arg='1.2', p6_lys='1.7', p7_met='2', p8_phe='1.8',154,0
155: p1_ec1='0.45', p2_ec2='0.15', p3_ec3='0.15', p4_ec4='0.25', p5_arg='1.6', p6_lys='1.3', p7_met='1.6', p8_phe='1.6',155,0.908001
156: p1_ec1='0.4', p2_ec2='0.35', p3_ec3='0.05', p4_ec4='0.20', p5_arg='1.9', p6_lys='2', p7_met='1.7', p8_phe='2',156,0.913488
157: p1_ec1='0.7', p2_ec2='0.15', p3_ec3='0.1', p4_ec4='0.05', p5_arg='1.3', p6_lys='2', p7_met='1.5', p8_phe='1.5',157,0.948291
158: p1_ec1='0.7', p2_ec2='0.05', p3_ec3='0.1', p4_ec4='0.15', p5_arg='1.7', p6_lys='1.2', p7_met='1.7', p8_phe='2',158,0
159: p1_ec1='0.5', p2_ec2='0.1', p3_ec3='0.05', p4_ec4='0.35', p5_arg='1', p6_lys='1.6', p7_met='2', p8_phe='1.4',159,0
160: p1_ec1='0.3', p2_ec2='0.45', p3_ec3='0.20', p4_ec4='0.05', p5_arg='1.6', p6_lys='1.2', p7_met='1.8', p8_phe='1.9',160,0
161: p1_ec1='0.55', p2_ec2='0.1', p3_ec3='0.05', p4_ec4='0.3', p5_arg='1.5', p6_lys='2', p7_met='1.9', p8_phe='1.3',161,0.91954
162: p1_ec1='0.45', p2_ec2='0.1', p3_ec3='0.4', p4_ec4='0.05', p5_arg='1.5', p6_lys='2', p7_met='1.5', p8_phe='1.7',162,0
163: p1_ec1='0.45', p2_ec2='0.20', p3_ec3='0.1', p4_ec4='0.25', p5_arg='1.7', p6_lys='1.7', p7_met='1.4', p8_phe='1.2',163,0.948425
164: p1_ec1='0.35', p2_ec2='0.15', p3_ec3='0.25', p4_ec4='0.25', p5_arg='1.9', p6_lys='1.7', p7_met='1.2', p8_phe='1.4',164,0.910189
165: p1_ec1='0.45', p2_ec2='0.20', p3_ec3='0.15', p4_ec4='0.20', p5_arg='1', p6_lys='2', p7_met='1.5', p8_phe='1.1',165,0.933792
166: p1_ec1='0.4', p2_ec2='0.1', p3_ec3='0.45', p4_ec4='0.05', p5_arg='1.1', p6_lys='1.1', p7_met='1.9', p8_phe='1.9',166,0
167: p1_ec1='0.45', p2_ec2='0.20', p3_ec3='0.15', p4_ec4='0.20', p5_arg='1.6', p6_lys='1.8', p7_met='1.4', p8_phe='1.2',167,0.954753
168: p1_ec1='0.15', p2_ec2='0.15', p3_ec3='0.1', p4_ec4='0.6', p5_arg='1', p6_lys='2', p7_met='1.9', p8_phe='1.7',168,0
169: p1_ec1='0.45', p2_ec2='0.20', p3_ec3='0.15', p4_ec4='0.20', p5_arg='1.4', p6_lys='1.8', p7_met='1.5', p8_phe='1.2',169,0.95992
170: p1_ec1='0.25', p2_ec2='0.15', p3_ec3='0.45', p4_ec4='0.15', p5_arg='1.1', p6_lys='1', p7_met='1.5', p8_phe='2',170,0
171: p1_ec1='0.4', p2_ec2='0.15', p3_ec3='0.05', p4_ec4='0.4', p5_arg='1.4', p6_lys='1.4', p7_met='2', p8_phe='1.9',171,0.889739
172: p1_ec1='0.20', p2_ec2='0.20', p3_ec3='0.45', p4_ec4='0.15', p5_arg='1.4', p6_lys='1.9', p7_met='1.5', p8_phe='1.1',172,0
173: p1_ec1='0.4', p2_ec2='0.1', p3_ec3='0.15', p4_ec4='0.35', p5_arg='1.3', p6_lys='2', p7_met='1.8', p8_phe='2',173,0.913771
174: p1_ec1='0.1', p2_ec2='0.75', p3_ec3='0.1', p4_ec4='0.05', p5_arg='1.5', p6_lys='1.6', p7_met='1.6', p8_phe='1.1',174,0
175: p1_ec1='0.35', p2_ec2='0.20', p3_ec3='0.15', p4_ec4='0.3', p5_arg='1.9', p6_lys='1.9', p7_met='1.7', p8_phe='1.2',175,0.961126
176: p1_ec1='0.20', p2_ec2='0.20', p3_ec3='0.20', p4_ec4='0.4', p5_arg='1', p6_lys='1.5', p7_met='1.8', p8_phe='2',176,0
177: p1_ec1='0.55', p2_ec2='0.1', p3_ec3='0.05', p4_ec4='0.3', p5_arg='1.5', p6_lys='1.9', p7_met='1.7', p8_phe='1.2',177,0.966437
178: p1_ec1='0.05', p2_ec2='0.35', p3_ec3='0.45', p4_ec4='0.15', p5_arg='1.5', p6_lys='1.1', p7_met='1.8', p8_phe='1.3',178,0
179: p1_ec1='0.4', p2_ec2='0.15', p3_ec3='0.15', p4_ec4='0.3', p5_arg='1.7', p6_lys='1.7', p7_met='1.7', p8_phe='1.1',179,0.961851
180: p1_ec1='0.15', p2_ec2='0.15', p3_ec3='0.3', p4_ec4='0.4', p5_arg='1.3', p6_lys='1.1', p7_met='1.6', p8_phe='1',180,0
181: p1_ec1='0.65', p2_ec2='0.05', p3_ec3='0.15', p4_ec4='0.15', p5_arg='1', p6_lys='1.9', p7_met='2', p8_phe='1.4',181,0.837273
182: p1_ec1='0.25', p2_ec2='0.55', p3_ec3='0.1', p4_ec4='0.1', p5_arg='1.5', p6_lys='1.7', p7_met='1.8', p8_phe='2',182,0.690981
183: p1_ec1='0.5', p2_ec2='0.1', p3_ec3='0.15', p4_ec4='0.25', p5_arg='1', p6_lys='1.6', p7_met='1.4', p8_phe='1',183,0
184: p1_ec1='0.35', p2_ec2='0.1', p3_ec3='0.5', p4_ec4='0.05', p5_arg='1.6', p6_lys='1.1', p7_met='1.3', p8_phe='1',184,0
185: p1_ec1='0.4', p2_ec2='0.15', p3_ec3='0.15', p4_ec4='0.3', p5_arg='1', p6_lys='1.5', p7_met='1.6', p8_phe='1.2',185,0.914011
186: p1_ec1='0.4', p2_ec2='0.05', p3_ec3='0.45', p4_ec4='0.1', p5_arg='1.1', p6_lys='1', p7_met='1.8', p8_phe='1.1',186,0
187: p1_ec1='0.55', p2_ec2='0.15', p3_ec3='0.1', p4_ec4='0.20', p5_arg='1.9', p6_lys='1.9', p7_met='1.7', p8_phe='1.4',187,0.946919
188: p1_ec1='0.1', p2_ec2='0.1', p3_ec3='0.55', p4_ec4='0.25', p5_arg='1.1', p6_lys='1.8', p7_met='1.9', p8_phe='1.6',188,0
189: p1_ec1='0.65', p2_ec2='0.15', p3_ec3='0.05', p4_ec4='0.15', p5_arg='1.4', p6_lys='1.9', p7_met='1.7', p8_phe='1.1',189,0.81147
190: p1_ec1='0.25', p2_ec2='0.45', p3_ec3='0.1', p4_ec4='0.20', p5_arg='1.7', p6_lys='1.5', p7_met='2', p8_phe='1',190,0
191: p1_ec1='0.6', p2_ec2='0.1', p3_ec3='0.15', p4_ec4='0.15', p5_arg='1', p6_lys='1.5', p7_met='1.3', p8_phe='1.2',191,0
192: p1_ec1='0.55', p2_ec2='0.1', p3_ec3='0.1', p4_ec4='0.25', p5_arg='1.4', p6_lys='1', p7_met='1.6', p8_phe='1.5',192,0
193: p1_ec1='0.45', p2_ec2='0.1', p3_ec3='0.15', p4_ec4='0.3', p5_arg='1.9', p6_lys='1.9', p7_met='1.7', p8_phe='1.4',193,0.946919
194: p1_ec1='0.25', p2_ec2='0.35', p3_ec3='0.35', p4_ec4='0.05', p5_arg='1', p6_lys='1.3', p7_met='1.2', p8_phe='1.7',194,0
195: p1_ec1='0.35', p2_ec2='0.20', p3_ec3='0.1', p4_ec4='0.35', p5_arg='1', p6_lys='1.6', p7_met='1.3', p8_phe='1.2',195,0.85352
196: p1_ec1='0.1', p2_ec2='0.20', p3_ec3='0.25', p4_ec4='0.45', p5_arg='1.9', p6_lys='1.7', p7_met='2', p8_phe='1.9',196,0
197: p1_ec1='0.45', p2_ec2='0.15', p3_ec3='0.15', p4_ec4='0.25', p5_arg='1', p6_lys='2', p7_met='2', p8_phe='1.3',197,0
198: p1_ec1='0.45', p2_ec2='0.20', p3_ec3='0.3', p4_ec4='0.05', p5_arg='1.8', p6_lys='1.1', p7_met='2', p8_phe='1.6',198,0.787362
199: p1_ec1='0.7', p2_ec2='0.1', p3_ec3='0.15', p4_ec4='0.05', p5_arg='1', p6_lys='2', p7_met='1.7', p8_phe='1.1',199,0
200: p1_ec1='0.1', p2_ec2='0.15', p3_ec3='0.25', p4_ec4='0.5', p5_arg='1.8', p6_lys='1.5', p7_met='1.3', p8_phe='1.4',200,0
201: p1_ec1='0.4', p2_ec2='0.1', p3_ec3='0.15', p4_ec4='0.35', p5_arg='1', p6_lys='2', p7_met='1.9', p8_phe='1.2',201,0
202: p1_ec1='0.55', p2_ec2='0.15', p3_ec3='0.15', p4_ec4='0.15', p5_arg='1.9', p6_lys='1.6', p7_met='2', p8_phe='1.4',202,0.938612
203: p1_ec1='0.7', p2_ec2='0.15', p3_ec3='0.05', p4_ec4='0.1', p5_arg='1', p6_lys='1.8', p7_met='1.7', p8_phe='1.2',203,0.811557
204: p1_ec1='0.25', p2_ec2='0.5', p3_ec3='0.1', p4_ec4='0.15', p5_arg='1.5', p6_lys='1.3', p7_met='1.2', p8_phe='1.4',204,0
205: p1_ec1='0.45', p2_ec2='0.15', p3_ec3='0.15', p4_ec4='0.25', p5_arg='1.8', p6_lys='1.8', p7_met='1.7', p8_phe='1',205,0.966289
206: p1_ec1='0.5', p2_ec2='0.05', p3_ec3='0.15', p4_ec4='0.3', p5_arg='1.3', p6_lys='1.7', p7_met='1.5', p8_phe='1.6',206,0
207: p1_ec1='0.65', p2_ec2='0.15', p3_ec3='0.05', p4_ec4='0.15', p5_arg='2', p6_lys='1.7', p7_met='1.7', p8_phe='1.4',207,0.87386
208: p1_ec1='0.3', p2_ec2='0.3', p3_ec3='0.05', p4_ec4='0.35', p5_arg='1.9', p6_lys='1.5', p7_met='1.1', p8_phe='1.3',208,0
209: p1_ec1='0.35', p2_ec2='0.20', p3_ec3='0.15', p4_ec4='0.3', p5_arg='1.6', p6_lys='1.9', p7_met='1.8', p8_phe='1.2',209,0.965959
210: p1_ec1='0.5', p2_ec2='0.4', p3_ec3='0.05', p4_ec4='0.05', p5_arg='1.8', p6_lys='1.6', p7_met='1.5', p8_phe='1.3',210,0
211: p1_ec1='0.7', p2_ec2='0.15', p3_ec3='0.05', p4_ec4='0.1', p5_arg='2', p6_lys='1.9', p7_met='1.8', p8_phe='1.1',211,0.931284
212: p1_ec1='0.1', p2_ec2='0.15', p3_ec3='0.35', p4_ec4='0.4', p5_arg='1.5', p6_lys='1.1', p7_met='1.7', p8_phe='1.7',212,0
213: p1_ec1='0.65', p2_ec2='0.05', p3_ec3='0.1', p4_ec4='0.20', p5_arg='1.8', p6_lys='1.9', p7_met='2', p8_phe='1.7',213,0.787038
214: p1_ec1='0.5', p2_ec2='0.25', p3_ec3='0.20', p4_ec4='0.05', p5_arg='1.7', p6_lys='1.1', p7_met='1', p8_phe='1.2',214,0.841525
215: p1_ec1='0.55', p2_ec2='0.15', p3_ec3='0.05', p4_ec4='0.25', p5_arg='1.7', p6_lys='1.7', p7_met='1.7', p8_phe='1',215,0.902113
216: p1_ec1='0.15', p2_ec2='0.25', p3_ec3='0.55', p4_ec4='0.05', p5_arg='1.6', p6_lys='1.5', p7_met='1.7', p8_phe='1.6',216,0
217: p1_ec1='0.35', p2_ec2='0.1', p3_ec3='0.15', p4_ec4='0.4', p5_arg='1.6', p6_lys='2', p7_met='1.6', p8_phe='1',217,0.983199
218: p1_ec1='0.3', p2_ec2='0.20', p3_ec3='0.45', p4_ec4='0.05', p5_arg='1.2', p6_lys='1.1', p7_met='1.3', p8_phe='1.3',218,0
219: p1_ec1='0.35', p2_ec2='0.1', p3_ec3='0.15', p4_ec4='0.4', p5_arg='1.6', p6_lys='1.9', p7_met='1.9', p8_phe='1',219,0.972908
220: p1_ec1='0.05', p2_ec2='0.25', p3_ec3='0.05', p4_ec4='0.65', p5_arg='1.5', p6_lys='1.4', p7_met='1.9', p8_phe='1.3',220,0
221: p1_ec1='0.35', p2_ec2='0.25', p3_ec3='0.1', p4_ec4='0.3', p5_arg='2', p6_lys='2', p7_met='1.7', p8_phe='1.2',221,0.961968
222: p1_ec1='0.3', p2_ec2='0.15', p3_ec3='0.25', p4_ec4='0.3', p5_arg='1.7', p6_lys='1.9', p7_met='1.2', p8_phe='1.9',222,0
223: p1_ec1='0.35', p2_ec2='0.3', p3_ec3='0.05', p4_ec4='0.3', p5_arg='2', p6_lys='1.8', p7_met='1.7', p8_phe='1.2',223,0.9525
224: p1_ec1='0.3', p2_ec2='0.35', p3_ec3='0.15', p4_ec4='0.20', p5_arg='1.9', p6_lys='1', p7_met='1.3', p8_phe='1.7',224,0.769222
225: p1_ec1='0.35', p2_ec2='0.3', p3_ec3='0.15', p4_ec4='0.20', p5_arg='1.8', p6_lys='1.7', p7_met='1.8', p8_phe='1.1',225,0.870357
226: p1_ec1='0.3', p2_ec2='0.1', p3_ec3='0.05', p4_ec4='0.55', p5_arg='1.6', p6_lys='1.3', p7_met='1.3', p8_phe='1.7',226,0.895985
227: p1_ec1='0.35', p2_ec2='0.25', p3_ec3='0.05', p4_ec4='0.35', p5_arg='2', p6_lys='1.5', p7_met='1.4', p8_phe='1.2',227,0.932255
228: p1_ec1='0.20', p2_ec2='0.05', p3_ec3='0.1', p4_ec4='0.65', p5_arg='1.3', p6_lys='1.8', p7_met='1.1', p8_phe='1.4',228,0
229: p1_ec1='0.35', p2_ec2='0.25', p3_ec3='0.05', p4_ec4='0.35', p5_arg='2', p6_lys='1.7', p7_met='1.4', p8_phe='1.3',229,0.862491
230: p1_ec1='0.35', p2_ec2='0.25', p3_ec3='0.15', p4_ec4='0.25', p5_arg='1.6', p6_lys='1.9', p7_met='1.7', p8_phe='1.3',230,0.931486
231: p1_ec1='0.35', p2_ec2='0.35', p3_ec3='0.1', p4_ec4='0.20', p5_arg='1.9', p6_lys='1.5', p7_met='1.8', p8_phe='1.4',231,0.868745
232: p1_ec1='0.05', p2_ec2='0.5', p3_ec3='0.3', p4_ec4='0.15', p5_arg='1.6', p6_lys='1.5', p7_met='1.7', p8_phe='1',232,0
233: p1_ec1='0.55', p2_ec2='0.20', p3_ec3='0.1', p4_ec4='0.15', p5_arg='1.5', p6_lys='1.7', p7_met='1.4', p8_phe='1',233,0.965976
234: p1_ec1='0.05', p2_ec2='0.15', p3_ec3='0.55', p4_ec4='0.25', p5_arg='1.3', p6_lys='2', p7_met='1.5', p8_phe='1.9',234,0
235: p1_ec1='0.35', p2_ec2='0.35', p3_ec3='0.05', p4_ec4='0.25', p5_arg='2', p6_lys='1.9', p7_met='1.8', p8_phe='1.6',235,0
236: p1_ec1='0.1', p2_ec2='0.25', p3_ec3='0.45', p4_ec4='0.20', p5_arg='1.9', p6_lys='1.4', p7_met='1.5', p8_phe='1.8',236,0
237: p1_ec1='0.35', p2_ec2='0.25', p3_ec3='0.15', p4_ec4='0.25', p5_arg='2', p6_lys='1.3', p7_met='1.5', p8_phe='1.4',237,0.881898
238: p1_ec1='0.3', p2_ec2='0.20', p3_ec3='0.15', p4_ec4='0.35', p5_arg='1.2', p6_lys='1.9', p7_met='1.2', p8_phe='1.3',238,0
239: p1_ec1='0.35', p2_ec2='0.3', p3_ec3='0.05', p4_ec4='0.3', p5_arg='1.9', p6_lys='1.5', p7_met='1.9', p8_phe='1.9',239,0.860488
240: p1_ec1='0.1', p2_ec2='0.25', p3_ec3='0.15', p4_ec4='0.5', p5_arg='1.7', p6_lys='1.4', p7_met='1.3', p8_phe='1.2',240,0
241: p1_ec1='0.35', p2_ec2='0.25', p3_ec3='0.15', p4_ec4='0.25', p5_arg='1.8', p6_lys='1.3', p7_met='1.7', p8_phe='1.2',241,0.899777
242: p1_ec1='0.15', p2_ec2='0.20', p3_ec3='0.6', p4_ec4='0.05', p5_arg='1.8', p6_lys='1.8', p7_met='1.9', p8_phe='1.8',242,0
243: p1_ec1='0.35', p2_ec2='0.3', p3_ec3='0.05', p4_ec4='0.3', p5_arg='1.7', p6_lys='2', p7_met='1.9', p8_phe='1',243,0.853531
244: p1_ec1='0.1', p2_ec2='0.1', p3_ec3='0.25', p4_ec4='0.55', p5_arg='1.5', p6_lys='1.7', p7_met='1.2', p8_phe='1.2',244,0
245: p1_ec1='0.4', p2_ec2='0.3', p3_ec3='0.1', p4_ec4='0.20', p5_arg='1.5', p6_lys='2', p7_met='1.7', p8_phe='1.8',245,0.890081
246: p1_ec1='0.1', p2_ec2='0.3', p3_ec3='0.3', p4_ec4='0.3', p5_arg='1', p6_lys='1.3', p7_met='1', p8_phe='2',246,0
247: p1_ec1='0.45', p2_ec2='0.20', p3_ec3='0.15', p4_ec4='0.20', p5_arg='1.4', p6_lys='2', p7_met='1.7', p8_phe='1',247,0.984512
248: p1_ec1='0.05', p2_ec2='0.15', p3_ec3='0.25', p4_ec4='0.55', p5_arg='1.1', p6_lys='1.2', p7_met='1.5', p8_phe='1.3',248,0
249: p1_ec1='0.35', p2_ec2='0.1', p3_ec3='0.15', p4_ec4='0.4', p5_arg='1.5', p6_lys='1.6', p7_met='1.4', p8_phe='1',249,0
250: p1_ec1='0.20', p2_ec2='0.20', p3_ec3='0.20', p4_ec4='0.4', p5_arg='1.1', p6_lys='1.3', p7_met='1.8', p8_phe='1.2',250,0
251: p1_ec1='0.4', p2_ec2='0.20', p3_ec3='0.05', p4_ec4='0.35', p5_arg='1.2', p6_lys='1.8', p7_met='1.7', p8_phe='1.1',251,0
252: p1_ec1='0.20', p2_ec2='0.20', p3_ec3='0.35', p4_ec4='0.25', p5_arg='1.1', p6_lys='1.7', p7_met='1.9', p8_phe='1.9',252,0
253: p1_ec1='0.7', p2_ec2='0.15', p3_ec3='0.1', p4_ec4='0.05', p5_arg='1.6', p6_lys='1.3', p7_met='1.6', p8_phe='1.3',253,0.85508
254: p1_ec1='0.25', p2_ec2='0.25', p3_ec3='0.25', p4_ec4='0.25', p5_arg='1.3', p6_lys='1.1', p7_met='1.1', p8_phe='1',254,0
255: p1_ec1='0.45', p2_ec2='0.3', p3_ec3='0.1', p4_ec4='0.15', p5_arg='1.5', p6_lys='1.6', p7_met='1.9', p8_phe='1.1',255,0.954522
256: p1_ec1='0.1', p2_ec2='0.4', p3_ec3='0.1', p4_ec4='0.4', p5_arg='1.2', p6_lys='1.2', p7_met='1.2', p8_phe='1.4',256,0
257: p1_ec1='0.4', p2_ec2='0.1', p3_ec3='0.15', p4_ec4='0.35', p5_arg='1.4', p6_lys='1.8', p7_met='1.9', p8_phe='1.2',257,0.956046
258: p1_ec1='0.3', p2_ec2='0.5', p3_ec3='0.15', p4_ec4='0.05', p5_arg='1.4', p6_lys='1.6', p7_met='1.7', p8_phe='1.5',258,0.837936
259: p1_ec1='0.5', p2_ec2='0.15', p3_ec3='0.1', p4_ec4='0.25', p5_arg='1.4', p6_lys='1.9', p7_met='1.9', p8_phe='1',259,0.969739
260: p1_ec1='0.35', p2_ec2='0.15', p3_ec3='0.05', p4_ec4='0.45', p5_arg='1.7', p6_lys='1.3', p7_met='2', p8_phe='1.7',260,0.901778
261: p1_ec1='0.4', p2_ec2='0.3', p3_ec3='0.05', p4_ec4='0.25', p5_arg='1.4', p6_lys='1.8', p7_met='1.9', p8_phe='1.1',261,0
262: p1_ec1='0.20', p2_ec2='0.25', p3_ec3='0.1', p4_ec4='0.45', p5_arg='2', p6_lys='1.8', p7_met='1.8', p8_phe='1.3',262,0
263: p1_ec1='0.4', p2_ec2='0.20', p3_ec3='0.05', p4_ec4='0.35', p5_arg='1.3', p6_lys='2', p7_met='1.7', p8_phe='1.1',263,0
264: p1_ec1='0.55', p2_ec2='0.1', p3_ec3='0.20', p4_ec4='0.15', p5_arg='1.9', p6_lys='1.6', p7_met='1.6', p8_phe='1.1',264,0.947668
265: p1_ec1='0.7', p2_ec2='0.15', p3_ec3='0.1', p4_ec4='0.05', p5_arg='1.8', p6_lys='2', p7_met='1.6', p8_phe='1',265,0.973848
266: p1_ec1='0.5', p2_ec2='0.25', p3_ec3='0.05', p4_ec4='0.20', p5_arg='1.8', p6_lys='1.7', p7_met='1.2', p8_phe='1.4',266,0.894115
267: p1_ec1='0.7', p2_ec2='0.15', p3_ec3='0.1', p4_ec4='0.05', p5_arg='1.7', p6_lys='1.9', p7_met='1.6', p8_phe='1.7',267,0.910516
268: p1_ec1='0.20', p2_ec2='0.1', p3_ec3='0.3', p4_ec4='0.4', p5_arg='1.2', p6_lys='2', p7_met='1.6', p8_phe='1',268,0
269: p1_ec1='0.7', p2_ec2='0.15', p3_ec3='0.1', p4_ec4='0.05', p5_arg='1.6', p6_lys='1.9', p7_met='1.6', p8_phe='1.7',269,0.93003
270: p1_ec1='0.35', p2_ec2='0.20', p3_ec3='0.4', p4_ec4='0.05', p5_arg='2', p6_lys='1.7', p7_met='1.9', p8_phe='1.6',270,0.912271
271: p1_ec1='0.45', p2_ec2='0.3', p3_ec3='0.15', p4_ec4='0.1', p5_arg='1.4', p6_lys='1.9', p7_met='1.7', p8_phe='1.3',271,0
272: p1_ec1='0.20', p2_ec2='0.1', p3_ec3='0.3', p4_ec4='0.4', p5_arg='1.2', p6_lys='1.5', p7_met='1.7', p8_phe='1.8',272,0
273: p1_ec1='0.4', p2_ec2='0.15', p3_ec3='0.1', p4_ec4='0.35', p5_arg='1.4', p6_lys='1.7', p7_met='1.9', p8_phe='1.2',273,0.951261
274: p1_ec1='0.15', p2_ec2='0.25', p3_ec3='0.5', p4_ec4='0.1', p5_arg='1.3', p6_lys='1.4', p7_met='1.3', p8_phe='1.2',274,0
275: p1_ec1='0.4', p2_ec2='0.1', p3_ec3='0.15', p4_ec4='0.35', p5_arg='1.4', p6_lys='1.7', p7_met='1.9', p8_phe='1',275,0.960071
276: p1_ec1='0.6', p2_ec2='0.25', p3_ec3='0.05', p4_ec4='0.1', p5_arg='1', p6_lys='1.7', p7_met='1.5', p8_phe='1.6',276,0
277: p1_ec1='0.75', p2_ec2='0.15', p3_ec3='0.05', p4_ec4='0.05', p5_arg='1.9', p6_lys='2', p7_met='1.5', p8_phe='1.2',277,0.864057
278: p1_ec1='0.15', p2_ec2='0.35', p3_ec3='0.20', p4_ec4='0.3', p5_arg='1.2', p6_lys='1.7', p7_met='1.1', p8_phe='1.3',278,0
279: p1_ec1='0.55', p2_ec2='0.1', p3_ec3='0.05', p4_ec4='0.3', p5_arg='1.5', p6_lys='2', p7_met='1.7', p8_phe='1',279,0.942507
280: p1_ec1='0.20', p2_ec2='0.4', p3_ec3='0.25', p4_ec4='0.15', p5_arg='1.2', p6_lys='1.4', p7_met='1.1', p8_phe='2',280,0
281: p1_ec1='0.75', p2_ec2='0.1', p3_ec3='0.1', p4_ec4='0.05', p5_arg='1.8', p6_lys='1.9', p7_met='1.5', p8_phe='2',281,0.736843
282: p1_ec1='0.3', p2_ec2='0.4', p3_ec3='0.05', p4_ec4='0.25', p5_arg='1.7', p6_lys='1.1', p7_met='1.9', p8_phe='1.9',282,0
283: p1_ec1='0.75', p2_ec2='0.15', p3_ec3='0.05', p4_ec4='0.05', p5_arg='1.6', p6_lys='2', p7_met='1.5', p8_phe='1.3',283,0
284: p1_ec1='0.15', p2_ec2='0.6', p3_ec3='0.05', p4_ec4='0.20', p5_arg='1.4', p6_lys='1', p7_met='1.4', p8_phe='1.2',284,0
285: p1_ec1='0.5', p2_ec2='0.15', p3_ec3='0.1', p4_ec4='0.25', p5_arg='1.5', p6_lys='1.8', p7_met='1.6', p8_phe='1.6',285,0.933305
286: p1_ec1='0.1', p2_ec2='0.05', p3_ec3='0.5', p4_ec4='0.35', p5_arg='2', p6_lys='1.9', p7_met='1.2', p8_phe='1.5',286,0
287: p1_ec1='0.55', p2_ec2='0.25', p3_ec3='0.15', p4_ec4='0.05', p5_arg='2', p6_lys='2', p7_met='1.9', p8_phe='1.9',287,0.882504
288: p1_ec1='0.45', p2_ec2='0.35', p3_ec3='0.15', p4_ec4='0.05', p5_arg='1.8', p6_lys='1.5', p7_met='1.2', p8_phe='1.2',288,0.916855
289: p1_ec1='0.5', p2_ec2='0.20', p3_ec3='0.1', p4_ec4='0.20', p5_arg='2', p6_lys='1.9', p7_met='1.8', p8_phe='1.5',289,0.940616
290: p1_ec1='0.35', p2_ec2='0.4', p3_ec3='0.15', p4_ec4='0.1', p5_arg='2', p6_lys='1.2', p7_met='1.5', p8_phe='1.3',290,0.898502
291: p1_ec1='0.45', p2_ec2='0.20', p3_ec3='0.15', p4_ec4='0.20', p5_arg='1.5', p6_lys='2', p7_met='1.5', p8_phe='1.7',291,0.932703
292: p1_ec1='0.1', p2_ec2='0.4', p3_ec3='0.25', p4_ec4='0.25', p5_arg='1.1', p6_lys='1.1', p7_met='1', p8_phe='1.8',292,0
293: p1_ec1='0.45', p2_ec2='0.20', p3_ec3='0.1', p4_ec4='0.25', p5_arg='1.5', p6_lys='1.7', p7_met='1.6', p8_phe='1.7',293,0.922302
294: p1_ec1='0.5', p2_ec2='0.3', p3_ec3='0.1', p4_ec4='0.1', p5_arg='1.9', p6_lys='1.5', p7_met='1.8', p8_phe='1.8',294,0.904368
295: p1_ec1='0.85', p2_ec2='0.05', p3_ec3='0.05', p4_ec4='0.05', p5_arg='1.6', p6_lys='1.9', p7_met='1.8', p8_phe='1.2',295,0
296: p1_ec1='0.20', p2_ec2='0.05', p3_ec3='0.4', p4_ec4='0.35', p5_arg='1.9', p6_lys='1.5', p7_met='1.9', p8_phe='1',296,0
297: p1_ec1='0.7', p2_ec2='0.15', p3_ec3='0.1', p4_ec4='0.05', p5_arg='1.4', p6_lys='1.7', p7_met='1.6', p8_phe='1.3',297,0.9238
298: p1_ec1='0.15', p2_ec2='0.35', p3_ec3='0.15', p4_ec4='0.35', p5_arg='1.5', p6_lys='1.6', p7_met='1.1', p8_phe='1.8',298,0
299: p1_ec1='0.3', p2_ec2='0.05', p3_ec3='0.1', p4_ec4='0.55', p5_arg='1.8', p6_lys='1.8', p7_met='1.6', p8_phe='1.1',299,0
300: p1_ec1='0.1', p2_ec2='0.4', p3_ec3='0.05', p4_ec4='0.45', p5_arg='1.6', p6_lys='1.5', p7_met='1.4', p8_phe='1.1',300,0
301: p1_ec1='0.25', p2_ec2='0.15', p3_ec3='0.05', p4_ec4='0.55', p5_arg='1.6', p6_lys='1.3', p7_met='1.1', p8_phe='1.3',301,0
302: p1_ec1='0.1', p2_ec2='0.1', p3_ec3='0.15', p4_ec4='0.65', p5_arg='1.7', p6_lys='1', p7_met='1.4', p8_phe='1.2',302,0
303: p1_ec1='0.25', p2_ec2='0.1', p3_ec3='0.05', p4_ec4='0.6', p5_arg='1.5', p6_lys='1.9', p7_met='1.2', p8_phe='1.1',303,0
304: p1_ec1='0.20', p2_ec2='0.4', p3_ec3='0.1', p4_ec4='0.3', p5_arg='1.9', p6_lys='1.7', p7_met='1', p8_phe='1.7',304,0
305: p1_ec1='0.3', p2_ec2='0.05', p3_ec3='0.05', p4_ec4='0.6', p5_arg='1.5', p6_lys='2', p7_met='1.7', p8_phe='1.1',305,0
306: p1_ec1='0.05', p2_ec2='0.05', p3_ec3='0.6', p4_ec4='0.3', p5_arg='2', p6_lys='1.5', p7_met='1.8', p8_phe='1.2',306,0
307: p1_ec1='0.25', p2_ec2='0.15', p3_ec3='0.05', p4_ec4='0.55', p5_arg='1.5', p6_lys='1.7', p7_met='1.3', p8_phe='1.2',307,0
308: p1_ec1='0.35', p2_ec2='0.1', p3_ec3='0.25', p4_ec4='0.3', p5_arg='1.2', p6_lys='1', p7_met='2', p8_phe='2',308,0
309: p1_ec1='0.3', p2_ec2='0.05', p3_ec3='0.05', p4_ec4='0.6', p5_arg='1.8', p6_lys='1.2', p7_met='1.7', p8_phe='1.1',309,0
310: p1_ec1='0.15', p2_ec2='0.5', p3_ec3='0.3', p4_ec4='0.05', p5_arg='1.6', p6_lys='1', p7_met='1.2', p8_phe='1.3',310,0
311: p1_ec1='0.25', p2_ec2='0.05', p3_ec3='0.1', p4_ec4='0.6', p5_arg='1.8', p6_lys='1.9', p7_met='1.5', p8_phe='1.3',311,0
312: p1_ec1='0.15', p2_ec2='0.5', p3_ec3='0.15', p4_ec4='0.20', p5_arg='1.3', p6_lys='1.5', p7_met='1.5', p8_phe='1',312,0
313: p1_ec1='0.25', p2_ec2='0.15', p3_ec3='0.05', p4_ec4='0.55', p5_arg='1.8', p6_lys='1.6', p7_met='1.7', p8_phe='1.2',313,0.908297
314: p1_ec1='0.1', p2_ec2='0.35', p3_ec3='0.4', p4_ec4='0.15', p5_arg='1.5', p6_lys='1.2', p7_met='2', p8_phe='1.1',314,0
315: p1_ec1='0.5', p2_ec2='0.1', p3_ec3='0.1', p4_ec4='0.3', p5_arg='1.4', p6_lys='1.9', p7_met='1.6', p8_phe='1.2',315,0.966838
316: p1_ec1='0.20', p2_ec2='0.05', p3_ec3='0.7', p4_ec4='0.05', p5_arg='1.6', p6_lys='1.5', p7_met='2', p8_phe='1.6',316,0
317: p1_ec1='0.35', p2_ec2='0.20', p3_ec3='0.1', p4_ec4='0.35', p5_arg='1.4', p6_lys='2', p7_met='1.5', p8_phe='1.1',317,0
318: p1_ec1='0.05', p2_ec2='0.3', p3_ec3='0.25', p4_ec4='0.4', p5_arg='1.5', p6_lys='1', p7_met='2', p8_phe='1.8',318,0
319: p1_ec1='0.35', p2_ec2='0.1', p3_ec3='0.15', p4_ec4='0.4', p5_arg='1.5', p6_lys='1.9', p7_met='1.9', p8_phe='1',319,0.971338
320: p1_ec1='0.1', p2_ec2='0.25', p3_ec3='0.25', p4_ec4='0.4', p5_arg='1.1', p6_lys='1', p7_met='1.8', p8_phe='1.8',320,0
321: p1_ec1='0.35', p2_ec2='0.1', p3_ec3='0.15', p4_ec4='0.4', p5_arg='1.5', p6_lys='2', p7_met='1.6', p8_phe='1',321,0.984829
322: p1_ec1='0.35', p2_ec2='0.5', p3_ec3='0.1', p4_ec4='0.05', p5_arg='1.4', p6_lys='1', p7_met='1.1', p8_phe='1.4',322,0
323: p1_ec1='0.5', p2_ec2='0.15', p3_ec3='0.15', p4_ec4='0.20', p5_arg='1.4', p6_lys='1.6', p7_met='1.7', p8_phe='1',323,0.965014
324: p1_ec1='0.05', p2_ec2='0.55', p3_ec3='0.15', p4_ec4='0.25', p5_arg='1.3', p6_lys='1', p7_met='1.2', p8_phe='1',324,0
325: p1_ec1='0.4', p2_ec2='0.1', p3_ec3='0.05', p4_ec4='0.45', p5_arg='1.6', p6_lys='1.5', p7_met='1.9', p8_phe='1',325,0.953699
326: p1_ec1='0.20', p2_ec2='0.05', p3_ec3='0.25', p4_ec4='0.5', p5_arg='1.3', p6_lys='1.5', p7_met='1.9', p8_phe='1',326,0
327: p1_ec1='0.35', p2_ec2='0.20', p3_ec3='0.1', p4_ec4='0.35', p5_arg='1.7', p6_lys='1.6', p7_met='1.5', p8_phe='1',327,0.95697
328: p1_ec1='0.05', p2_ec2='0.1', p3_ec3='0.5', p4_ec4='0.35', p5_arg='1.9', p6_lys='1.1', p7_met='1.6', p8_phe='1.3',328,0
329: p1_ec1='0.4', p2_ec2='0.1', p3_ec3='0.15', p4_ec4='0.35', p5_arg='1.8', p6_lys='1.6', p7_met='1.7', p8_phe='1',329,0.956665
330: p1_ec1='0.5', p2_ec2='0.1', p3_ec3='0.1', p4_ec4='0.3', p5_arg='1.2', p6_lys='1.2', p7_met='1.4', p8_phe='1.5',330,0
331: p1_ec1='0.45', p2_ec2='0.15', p3_ec3='0.15', p4_ec4='0.25', p5_arg='1.9', p6_lys='1.6', p7_met='1.6', p8_phe='1',331,0.950032
332: p1_ec1='0.15', p2_ec2='0.5', p3_ec3='0.3', p4_ec4='0.05', p5_arg='1.8', p6_lys='2', p7_met='1.4', p8_phe='2',332,0
333: p1_ec1='0.35', p2_ec2='0.20', p3_ec3='0.1', p4_ec4='0.35', p5_arg='1.5', p6_lys='2', p7_met='1.9', p8_phe='1.8',333,0
334: p1_ec1='0.4', p2_ec2='0.35', p3_ec3='0.15', p4_ec4='0.1', p5_arg='1.9', p6_lys='1.3', p7_met='1.5', p8_phe='1.6',334,0.871457
335: p1_ec1='0.35', p2_ec2='0.1', p3_ec3='0.1', p4_ec4='0.45', p5_arg='1.5', p6_lys='2', p7_met='1.9', p8_phe='1.8',335,0.926951
336: p1_ec1='0.20', p2_ec2='0.25', p3_ec3='0.5', p4_ec4='0.05', p5_arg='2', p6_lys='1', p7_met='1.6', p8_phe='1.8',336,0
337: p1_ec1='0.65', p2_ec2='0.15', p3_ec3='0.15', p4_ec4='0.05', p5_arg='1.6', p6_lys='1.5', p7_met='1.7', p8_phe='1',337,0.929081
338: p1_ec1='0.4', p2_ec2='0.45', p3_ec3='0.1', p4_ec4='0.05', p5_arg='1.7', p6_lys='1.3', p7_met='1.3', p8_phe='1.1',338,0
339: p1_ec1='0.35', p2_ec2='0.15', p3_ec3='0.05', p4_ec4='0.45', p5_arg='1.7', p6_lys='1.5', p7_met='1.5', p8_phe='1',339,0.868399
340: p1_ec1='0.15', p2_ec2='0.05', p3_ec3='0.65', p4_ec4='0.15', p5_arg='1.6', p6_lys='1.2', p7_met='2', p8_phe='1.3',340,0
341: p1_ec1='0.6', p2_ec2='0.15', p3_ec3='0.05', p4_ec4='0.20', p5_arg='1.5', p6_lys='1.5', p7_met='1.7', p8_phe='1',341,0.929529
342: p1_ec1='0.15', p2_ec2='0.6', p3_ec3='0.1', p4_ec4='0.15', p5_arg='1', p6_lys='1.7', p7_met='1.7', p8_phe='1.1',342,0
343: p1_ec1='0.35', p2_ec2='0.20', p3_ec3='0.05', p4_ec4='0.4', p5_arg='1.5', p6_lys='1.8', p7_met='1.9', p8_phe='2',343,0.9058
344: p1_ec1='0.35', p2_ec2='0.20', p3_ec3='0.15', p4_ec4='0.3', p5_arg='1.3', p6_lys='1.1', p7_met='1.1', p8_phe='1.5',344,0.859367
345: p1_ec1='0.7', p2_ec2='0.15', p3_ec3='0.1', p4_ec4='0.05', p5_arg='1.5', p6_lys='1.3', p7_met='1.7', p8_phe='1',345,0
346: p1_ec1='0.05', p2_ec2='0.3', p3_ec3='0.55', p4_ec4='0.1', p5_arg='1.2', p6_lys='2', p7_met='1.2', p8_phe='2',346,0
347: p1_ec1='0.65', p2_ec2='0.15', p3_ec3='0.15', p4_ec4='0.05', p5_arg='1.5', p6_lys='1.3', p7_met='1.9', p8_phe='1',347,0
348: p1_ec1='0.05', p2_ec2='0.3', p3_ec3='0.4', p4_ec4='0.25', p5_arg='2', p6_lys='1.1', p7_met='1.5', p8_phe='1.6',348,0
349: p1_ec1='0.55', p2_ec2='0.20', p3_ec3='0.1', p4_ec4='0.15', p5_arg='1.5', p6_lys='1.6', p7_met='1.4', p8_phe='1',349,0.961053
350: p1_ec1='0.45', p2_ec2='0.1', p3_ec3='0.15', p4_ec4='0.3', p5_arg='1.5', p6_lys='1.8', p7_met='1.5', p8_phe='1.4',350,0.913981
351: p1_ec1='0.35', p2_ec2='0.1', p3_ec3='0.15', p4_ec4='0.4', p5_arg='1.5', p6_lys='1.8', p7_met='1.8', p8_phe='2',351,0.907977
352: p1_ec1='0.3', p2_ec2='0.4', p3_ec3='0.05', p4_ec4='0.25', p5_arg='1.9', p6_lys='1.7', p7_met='1.8', p8_phe='2',352,0
353: p1_ec1='0.35', p2_ec2='0.20', p3_ec3='0.1', p4_ec4='0.35', p5_arg='1.5', p6_lys='1.3', p7_met='1.9', p8_phe='1.1',353,0
354: p1_ec1='0.1', p2_ec2='0.1', p3_ec3='0.05', p4_ec4='0.75', p5_arg='1.5', p6_lys='1.4', p7_met='1.6', p8_phe='1.9',354,0
355: p1_ec1='0.5', p2_ec2='0.20', p3_ec3='0.15', p4_ec4='0.15', p5_arg='1.8', p6_lys='1.7', p7_met='1.2', p8_phe='1.2',355,0.938145
356: p1_ec1='0.20', p2_ec2='0.15', p3_ec3='0.05', p4_ec4='0.6', p5_arg='1.2', p6_lys='1.9', p7_met='1.2', p8_phe='1.8',356,0
357: p1_ec1='0.4', p2_ec2='0.20', p3_ec3='0.1', p4_ec4='0.3', p5_arg='2', p6_lys='1.6', p7_met='1.9', p8_phe='1.6',357,0.922123
358: p1_ec1='0.4', p2_ec2='0.15', p3_ec3='0.25', p4_ec4='0.20', p5_arg='1', p6_lys='1.1', p7_met='1.9', p8_phe='1.1',358,0
359: p1_ec1='0.5', p2_ec2='0.20', p3_ec3='0.1', p4_ec4='0.20', p5_arg='1.6', p6_lys='1.5', p7_met='1.4', p8_phe='1.6',359,0.913553
360: p1_ec1='0.45', p2_ec2='0.05', p3_ec3='0.20', p4_ec4='0.3', p5_arg='1.3', p6_lys='1.5', p7_met='1.7', p8_phe='2',360,0
361: p1_ec1='0.5', p2_ec2='0.20', p3_ec3='0.15', p4_ec4='0.15', p5_arg='1.6', p6_lys='2', p7_met='1.4', p8_phe='1.6',361,0.931121
362: p1_ec1='0.5', p2_ec2='0.20', p3_ec3='0.25', p4_ec4='0.05', p5_arg='1.5', p6_lys='1', p7_met='1.7', p8_phe='2',362,0.84555
363: p1_ec1='0.5', p2_ec2='0.20', p3_ec3='0.15', p4_ec4='0.15', p5_arg='1.5', p6_lys='1.9', p7_met='1', p8_phe='1.5',363,0.912739
364: p1_ec1='0.05', p2_ec2='0.15', p3_ec3='0.05', p4_ec4='0.75', p5_arg='1.4', p6_lys='1.5', p7_met='1.5', p8_phe='1.2',364,0
365: p1_ec1='0.5', p2_ec2='0.1', p3_ec3='0.1', p4_ec4='0.3', p5_arg='2', p6_lys='1.5', p7_met='1.4', p8_phe='1.6',365,0.907774
366: p1_ec1='0.05', p2_ec2='0.20', p3_ec3='0.7', p4_ec4='0.05', p5_arg='1.4', p6_lys='1.3', p7_met='1.1', p8_phe='1.2',366,0
367: p1_ec1='0.5', p2_ec2='0.1', p3_ec3='0.15', p4_ec4='0.25', p5_arg='1.6', p6_lys='2', p7_met='1.6', p8_phe='1.6',367,0
368: p1_ec1='0.20', p2_ec2='0.7', p3_ec3='0.05', p4_ec4='0.05', p5_arg='1.9', p6_lys='1.8', p7_met='1.5', p8_phe='1.6',368,0
369: p1_ec1='0.35', p2_ec2='0.25', p3_ec3='0.1', p4_ec4='0.3', p5_arg='1.8', p6_lys='1.8', p7_met='1.6', p8_phe='1.6',369,0.928457
370: p1_ec1='0.4', p2_ec2='0.4', p3_ec3='0.05', p4_ec4='0.15', p5_arg='1.4', p6_lys='1.1', p7_met='1.7', p8_phe='1.7',370,0
371: p1_ec1='0.6', p2_ec2='0.1', p3_ec3='0.15', p4_ec4='0.15', p5_arg='1.8', p6_lys='1.5', p7_met='2', p8_phe='1.6',371,0.918959
372: p1_ec1='0.45', p2_ec2='0.05', p3_ec3='0.3', p4_ec4='0.20', p5_arg='1.9', p6_lys='1.7', p7_met='2', p8_phe='1.4',372,0
373: p1_ec1='0.5', p2_ec2='0.25', p3_ec3='0.1', p4_ec4='0.15', p5_arg='1.4', p6_lys='1.6', p7_met='2', p8_phe='1.4',373,0.930656
374: p1_ec1='0.05', p2_ec2='0.05', p3_ec3='0.15', p4_ec4='0.75', p5_arg='1.1', p6_lys='1.8', p7_met='1.1', p8_phe='1',374,0
375: p1_ec1='0.5', p2_ec2='0.20', p3_ec3='0.15', p4_ec4='0.15', p5_arg='1.5', p6_lys='1.5', p7_met='1.2', p8_phe='1.6',375,0.911425
376: p1_ec1='0.05', p2_ec2='0.7', p3_ec3='0.1', p4_ec4='0.15', p5_arg='1.2', p6_lys='1.5', p7_met='2', p8_phe='2',376,0.744882
377: p1_ec1='0.65', p2_ec2='0.1', p3_ec3='0.1', p4_ec4='0.15', p5_arg='1.4', p6_lys='1.8', p7_met='2', p8_phe='1',377,0.899867
378: p1_ec1='0.3', p2_ec2='0.25', p3_ec3='0.25', p4_ec4='0.20', p5_arg='1.2', p6_lys='2', p7_met='1.7', p8_phe='1.1',378,0.90883
379: p1_ec1='0.5', p2_ec2='0.20', p3_ec3='0.15', p4_ec4='0.15', p5_arg='1.5', p6_lys='1.6', p7_met='1.3', p8_phe='1.8',379,0.905912
380: p1_ec1='0.1', p2_ec2='0.35', p3_ec3='0.05', p4_ec4='0.5', p5_arg='1.1', p6_lys='1.4', p7_met='1', p8_phe='1.6',380,0
381: p1_ec1='0.35', p2_ec2='0.15', p3_ec3='0.1', p4_ec4='0.4', p5_arg='2', p6_lys='1.6', p7_met='1.7', p8_phe='1.6',381,0.918112
382: p1_ec1='0.1', p2_ec2='0.6', p3_ec3='0.25', p4_ec4='0.05', p5_arg='1.9', p6_lys='1', p7_met='1.1', p8_phe='1.9',382,0.82769
383: p1_ec1='0.35', p2_ec2='0.25', p3_ec3='0.15', p4_ec4='0.25', p5_arg='1.9', p6_lys='1.7', p7_met='1.5', p8_phe='1.6',383,0.905682
384: p1_ec1='0.25', p2_ec2='0.3', p3_ec3='0.35', p4_ec4='0.1', p5_arg='1.5', p6_lys='1', p7_met='1.3', p8_phe='1.8',384,0
385: p1_ec1='0.45', p2_ec2='0.25', p3_ec3='0.1', p4_ec4='0.20', p5_arg='1.4', p6_lys='1.8', p7_met='1.4', p8_phe='1',385,0.920315
386: p1_ec1='0.45', p2_ec2='0.05', p3_ec3='0.4', p4_ec4='0.1', p5_arg='1.8', p6_lys='1.8', p7_met='1.4', p8_phe='1.1',386,0
387: p1_ec1='0.5', p2_ec2='0.25', p3_ec3='0.1', p4_ec4='0.15', p5_arg='1.4', p6_lys='1.9', p7_met='1.9', p8_phe='1.2',387,0
388: p1_ec1='0.15', p2_ec2='0.1', p3_ec3='0.1', p4_ec4='0.65', p5_arg='1.9', p6_lys='1.2', p7_met='1.1', p8_phe='1.3',388,0
389: p1_ec1='0.45', p2_ec2='0.25', p3_ec3='0.15', p4_ec4='0.15', p5_arg='1.4', p6_lys='1.7', p7_met='1.5', p8_phe='1',389,0.941184
390: p1_ec1='0.75', p2_ec2='0.05', p3_ec3='0.15', p4_ec4='0.05', p5_arg='1', p6_lys='1', p7_met='1.2', p8_phe='1.4',390,0
391: p1_ec1='0.5', p2_ec2='0.25', p3_ec3='0.1', p4_ec4='0.15', p5_arg='1.4', p6_lys='1.7', p7_met='1.4', p8_phe='1.4',391,0.939311
392: p1_ec1='0.35', p2_ec2='0.3', p3_ec3='0.15', p4_ec4='0.20', p5_arg='1.7', p6_lys='2', p7_met='2', p8_phe='1.5',392,0.919163
393: p1_ec1='0.35', p2_ec2='0.20', p3_ec3='0.15', p4_ec4='0.3', p5_arg='1.5', p6_lys='1.6', p7_met='1.3', p8_phe='1',393,0
394: p1_ec1='0.1', p2_ec2='0.45', p3_ec3='0.05', p4_ec4='0.4', p5_arg='1.4', p6_lys='1.8', p7_met='1.1', p8_phe='1.2',394,0
395: p1_ec1='0.35', p2_ec2='0.15', p3_ec3='0.15', p4_ec4='0.35', p5_arg='1.4', p6_lys='1.4', p7_met='1.8', p8_phe='2',395,0.893066
396: p1_ec1='0.05', p2_ec2='0.1', p3_ec3='0.8', p4_ec4='0.05', p5_arg='1.2', p6_lys='1.4', p7_met='1.1', p8_phe='1.5',396,0
397: p1_ec1='0.55', p2_ec2='0.25', p3_ec3='0.1', p4_ec4='0.1', p5_arg='1.4', p6_lys='1.9', p7_met='1.8', p8_phe='1.1',397,0.970131
398: p1_ec1='0.15', p2_ec2='0.25', p3_ec3='0.20', p4_ec4='0.4', p5_arg='1.7', p6_lys='1', p7_met='1.5', p8_phe='1.6',398,0
399: p1_ec1='0.35', p2_ec2='0.1', p3_ec3='0.1', p4_ec4='0.45', p5_arg='1.4', p6_lys='1.6', p7_met='1.7', p8_phe='1.8',399,0.911161
400: p1_ec1='0.20', p2_ec2='0.25', p3_ec3='0.35', p4_ec4='0.20', p5_arg='1.6', p6_lys='1.3', p7_met='1.9', p8_phe='1.1',400,0
401: p1_ec1='0.35', p2_ec2='0.05', p3_ec3='0.15', p4_ec4='0.45', p5_arg='1.4', p6_lys='1.6', p7_met='1.8', p8_phe='1.8',401,0
402: p1_ec1='0.5', p2_ec2='0.05', p3_ec3='0.35', p4_ec4='0.1', p5_arg='1.5', p6_lys='1.4', p7_met='1.2', p8_phe='1.7',402,0
403: p1_ec1='0.45', p2_ec2='0.05', p3_ec3='0.05', p4_ec4='0.45', p5_arg='1.4', p6_lys='1.8', p7_met='1.3', p8_phe='1.1',403,0.880384
404: p1_ec1='0.05', p2_ec2='0.45', p3_ec3='0.25', p4_ec4='0.25', p5_arg='1.6', p6_lys='1.7', p7_met='1.8', p8_phe='1.7',404,0
405: p1_ec1='0.45', p2_ec2='0.05', p3_ec3='0.1', p4_ec4='0.4', p5_arg='1.4', p6_lys='2', p7_met='1.2', p8_phe='1.4',405,0.904825
406: p1_ec1='0.25', p2_ec2='0.45', p3_ec3='0.25', p4_ec4='0.05', p5_arg='1.5', p6_lys='1.7', p7_met='1.8', p8_phe='1.1',406,0.835231
407: p1_ec1='0.4', p2_ec2='0.25', p3_ec3='0.3', p4_ec4='0.05', p5_arg='1.7', p6_lys='1.1', p7_met='1', p8_phe='1',407,0
408: p1_ec1='0.20', p2_ec2='0.45', p3_ec3='0.3', p4_ec4='0.05', p5_arg='1.1', p6_lys='1.7', p7_met='1.2', p8_phe='1.7',408,0.807067
409: p1_ec1='0.5', p2_ec2='0.05', p3_ec3='0.1', p4_ec4='0.35', p5_arg='1.5', p6_lys='1.7', p7_met='1.1', p8_phe='1.1',409,0.885932
410: p1_ec1='0.5', p2_ec2='0.3', p3_ec3='0.15', p4_ec4='0.05', p5_arg='1.5', p6_lys='1.2', p7_met='1.4', p8_phe='1.3',410,0.881903
411: p1_ec1='0.4', p2_ec2='0.1', p3_ec3='0.35', p4_ec4='0.15', p5_arg='1.9', p6_lys='1.4', p7_met='1', p8_phe='1.1',411,0
412: p1_ec1='0.3', p2_ec2='0.35', p3_ec3='0.05', p4_ec4='0.3', p5_arg='2', p6_lys='1.5', p7_met='1', p8_phe='1.9',412,0
413: p1_ec1='0.35', p2_ec2='0.1', p3_ec3='0.35', p4_ec4='0.20', p5_arg='1.9', p6_lys='1.2', p7_met='1', p8_phe='1.1',413,0
414: p1_ec1='0.15', p2_ec2='0.05', p3_ec3='0.35', p4_ec4='0.45', p5_arg='1', p6_lys='1.5', p7_met='1.9', p8_phe='1.6',414,0
415: p1_ec1='0.35', p2_ec2='0.05', p3_ec3='0.15', p4_ec4='0.45', p5_arg='1.6', p6_lys='2', p7_met='1.6', p8_phe='1.1',415,0
416: p1_ec1='0.3', p2_ec2='0.05', p3_ec3='0.35', p4_ec4='0.3', p5_arg='1.8', p6_lys='1.4', p7_met='2', p8_phe='2',416,0
417: p1_ec1='0.5', p2_ec2='0.15', p3_ec3='0.15', p4_ec4='0.20', p5_arg='1.4', p6_lys='1.4', p7_met='1.8', p8_phe='1.1',417,0
418: p1_ec1='0.4', p2_ec2='0.15', p3_ec3='0.4', p4_ec4='0.05', p5_arg='1.9', p6_lys='1.3', p7_met='1.4', p8_phe='1.9',418,0
419: p1_ec1='0.35', p2_ec2='0.1', p3_ec3='0.05', p4_ec4='0.5', p5_arg='1.6', p6_lys='1.8', p7_met='1.5', p8_phe='1.1',419,0.963999
420: p1_ec1='0.3', p2_ec2='0.35', p3_ec3='0.3', p4_ec4='0.05', p5_arg='1.8', p6_lys='1.5', p7_met='1.9', p8_phe='1.2',420,0.839479
421: p1_ec1='0.55', p2_ec2='0.15', p3_ec3='0.15', p4_ec4='0.15', p5_arg='1.9', p6_lys='1.4', p7_met='2', p8_phe='1',421,0.938736
422: p1_ec1='0.6', p2_ec2='0.05', p3_ec3='0.15', p4_ec4='0.20', p5_arg='1.3', p6_lys='1.8', p7_met='1.4', p8_phe='1.3',422,0
423: p1_ec1='0.35', p2_ec2='0.15', p3_ec3='0.1', p4_ec4='0.4', p5_arg='1.8', p6_lys='1.9', p7_met='1.9', p8_phe='1.6',423,0.939024
424: p1_ec1='0.1', p2_ec2='0.15', p3_ec3='0.25', p4_ec4='0.5', p5_arg='1.1', p6_lys='1.3', p7_met='1.6', p8_phe='1.1',424,0
425: p1_ec1='0.35', p2_ec2='0.15', p3_ec3='0.05', p4_ec4='0.45', p5_arg='1.6', p6_lys='1.4', p7_met='1.5', p8_phe='1.5',425,0.917102
426: p1_ec1='0.05', p2_ec2='0.75', p3_ec3='0.1', p4_ec4='0.1', p5_arg='1.8', p6_lys='2', p7_met='1.1', p8_phe='1.5',426,0
427: p1_ec1='0.35', p2_ec2='0.20', p3_ec3='0.15', p4_ec4='0.3', p5_arg='1.6', p6_lys='1.5', p7_met='1.5', p8_phe='2',427,0.879808
428: p1_ec1='0.35', p2_ec2='0.15', p3_ec3='0.25', p4_ec4='0.25', p5_arg='1.9', p6_lys='1.8', p7_met='1.8', p8_phe='1.7',428,0
429: p1_ec1='0.35', p2_ec2='0.05', p3_ec3='0.1', p4_ec4='0.5', p5_arg='1.8', p6_lys='2', p7_met='1.7', p8_phe='1.1',429,0
430: p1_ec1='0.25', p2_ec2='0.20', p3_ec3='0.25', p4_ec4='0.3', p5_arg='2', p6_lys='1.7', p7_met='1.5', p8_phe='1.1',430,0
431: p1_ec1='0.65', p2_ec2='0.1', p3_ec3='0.15', p4_ec4='0.1', p5_arg='1.8', p6_lys='1.3', p7_met='2', p8_phe='1.1',431,0.877627
432: p1_ec1='0.45', p2_ec2='0.25', p3_ec3='0.1', p4_ec4='0.20', p5_arg='1.2', p6_lys='1.3', p7_met='1.1', p8_phe='1.9',432,0.880567
433: p1_ec1='0.45', p2_ec2='0.25', p3_ec3='0.15', p4_ec4='0.15', p5_arg='1.8', p6_lys='1.3', p7_met='2', p8_phe='1.1',433,0.938103
434: p1_ec1='0.25', p2_ec2='0.4', p3_ec3='0.25', p4_ec4='0.1', p5_arg='1.7', p6_lys='1.1', p7_met='1.3', p8_phe='1.9',434,0.867432
435: p1_ec1='0.35', p2_ec2='0.20', p3_ec3='0.05', p4_ec4='0.4', p5_arg='1.7', p6_lys='1.9', p7_met='1.9', p8_phe='2',435,0.913254
436: p1_ec1='0.20', p2_ec2='0.55', p3_ec3='0.1', p4_ec4='0.15', p5_arg='1.4', p6_lys='1.2', p7_met='2', p8_phe='1.6',436,0
437: p1_ec1='0.35', p2_ec2='0.25', p3_ec3='0.1', p4_ec4='0.3', p5_arg='1.6', p6_lys='1.9', p7_met='1.9', p8_phe='1.7',437,0.905995
438: p1_ec1='0.1', p2_ec2='0.05', p3_ec3='0.65', p4_ec4='0.20', p5_arg='1.5', p6_lys='2', p7_met='1.3', p8_phe='1.4',438,0
439: p1_ec1='0.5', p2_ec2='0.15', p3_ec3='0.05', p4_ec4='0.3', p5_arg='1.2', p6_lys='1.1', p7_met='1.4', p8_phe='1.7',439,0
440: p1_ec1='0.25', p2_ec2='0.1', p3_ec3='0.6', p4_ec4='0.05', p5_arg='1.5', p6_lys='1.4', p7_met='2', p8_phe='1.3',440,0
441: p1_ec1='0.5', p2_ec2='0.15', p3_ec3='0.05', p4_ec4='0.3', p5_arg='1.1', p6_lys='1', p7_met='1.6', p8_phe='1.4',441,0.837751
442: p1_ec1='0.1', p2_ec2='0.45', p3_ec3='0.1', p4_ec4='0.35', p5_arg='1.2', p6_lys='1.7', p7_met='1.1', p8_phe='1.5',442,0
443: p1_ec1='0.35', p2_ec2='0.3', p3_ec3='0.05', p4_ec4='0.3', p5_arg='1.6', p6_lys='1.5', p7_met='1.5', p8_phe='1',443,0
444: p1_ec1='0.20', p2_ec2='0.05', p3_ec3='0.15', p4_ec4='0.6', p5_arg='1.4', p6_lys='1.9', p7_met='1.5', p8_phe='1.4',444,0
445: p1_ec1='0.35', p2_ec2='0.1', p3_ec3='0.05', p4_ec4='0.5', p5_arg='1.6', p6_lys='1.8', p7_met='1.4', p8_phe='1.1',445,0
446: p1_ec1='0.05', p2_ec2='0.25', p3_ec3='0.55', p4_ec4='0.15', p5_arg='1.1', p6_lys='1.3', p7_met='1.5', p8_phe='1.8',446,0
447: p1_ec1='0.55', p2_ec2='0.15', p3_ec3='0.15', p4_ec4='0.15', p5_arg='1.9', p6_lys='1.3', p7_met='1.6', p8_phe='1',447,0.935578
448: p1_ec1='0.25', p2_ec2='0.15', p3_ec3='0.35', p4_ec4='0.25', p5_arg='1.1', p6_lys='1', p7_met='1.6', p8_phe='1.5',448,0
449: p1_ec1='0.5', p2_ec2='0.35', p3_ec3='0.05', p4_ec4='0.1', p5_arg='1.6', p6_lys='1.9', p7_met='1.9', p8_phe='1',449,0
450: p1_ec1='0.15', p2_ec2='0.3', p3_ec3='0.1', p4_ec4='0.45', p5_arg='1', p6_lys='1', p7_met='2', p8_phe='1.9',450,0
451: p1_ec1='0.35', p2_ec2='0.1', p3_ec3='0.05', p4_ec4='0.5', p5_arg='1.9', p6_lys='1.6', p7_met='1.7', p8_phe='1.2',451,0.94688
452: p1_ec1='0.05', p2_ec2='0.45', p3_ec3='0.35', p4_ec4='0.15', p5_arg='2', p6_lys='1.7', p7_met='1.8', p8_phe='1.7',452,0
453: p1_ec1='0.35', p2_ec2='0.1', p3_ec3='0.05', p4_ec4='0.5', p5_arg='1.8', p6_lys='2', p7_met='2', p8_phe='1.2',453,0.937402
454: p1_ec1='0.20', p2_ec2='0.1', p3_ec3='0.3', p4_ec4='0.4', p5_arg='1.1', p6_lys='1.4', p7_met='1.1', p8_phe='1',454,0
455: p1_ec1='0.35', p2_ec2='0.1', p3_ec3='0.05', p4_ec4='0.5', p5_arg='1.8', p6_lys='1.8', p7_met='1.5', p8_phe='2',455,0.902336
456: p1_ec1='0.15', p2_ec2='0.25', p3_ec3='0.20', p4_ec4='0.4', p5_arg='1.4', p6_lys='1.4', p7_met='1.3', p8_phe='1.5',456,0
457: p1_ec1='0.35', p2_ec2='0.1', p3_ec3='0.05', p4_ec4='0.5', p5_arg='2', p6_lys='1.9', p7_met='1.4', p8_phe='1.8',457,0.887432
458: p1_ec1='0.25', p2_ec2='0.3', p3_ec3='0.25', p4_ec4='0.20', p5_arg='2', p6_lys='1.3', p7_met='1.4', p8_phe='1.9',458,0
459: p1_ec1='0.35', p2_ec2='0.20', p3_ec3='0.15', p4_ec4='0.3', p5_arg='1.6', p6_lys='1.5', p7_met='1.4', p8_phe='1.8',459,0.905116
460: p1_ec1='0.20', p2_ec2='0.55', p3_ec3='0.05', p4_ec4='0.20', p5_arg='2', p6_lys='1.2', p7_met='1', p8_phe='1.1',460,0
461: p1_ec1='0.3', p2_ec2='0.15', p3_ec3='0.25', p4_ec4='0.3', p5_arg='1.9', p6_lys='1.6', p7_met='1.3', p8_phe='1.8',461,0
462: p1_ec1='0.15', p2_ec2='0.45', p3_ec3='0.35', p4_ec4='0.05', p5_arg='1.4', p6_lys='1.4', p7_met='1.3', p8_phe='1',462,0
463: p1_ec1='0.25', p2_ec2='0.15', p3_ec3='0.3', p4_ec4='0.3', p5_arg='1', p6_lys='1.6', p7_met='1.7', p8_phe='1.6',463,0
464: p1_ec1='0.3', p2_ec2='0.25', p3_ec3='0.3', p4_ec4='0.15', p5_arg='1.7', p6_lys='1.1', p7_met='1.7', p8_phe='1.3',464,0
465: p1_ec1='0.25', p2_ec2='0.1', p3_ec3='0.25', p4_ec4='0.4', p5_arg='1.4', p6_lys='1.6', p7_met='1.6', p8_phe='1.6',465,0
466: p1_ec1='0.45', p2_ec2='0.20', p3_ec3='0.15', p4_ec4='0.20', p5_arg='1.3', p6_lys='1.6', p7_met='1.3', p8_phe='1.9',466,0.903557
467: p1_ec1='0.3', p2_ec2='0.1', p3_ec3='0.20', p4_ec4='0.4', p5_arg='1.8', p6_lys='1.6', p7_met='1.5', p8_phe='2',467,0
468: p1_ec1='0.20', p2_ec2='0.15', p3_ec3='0.15', p4_ec4='0.5', p5_arg='1.9', p6_lys='1.2', p7_met='1.5', p8_phe='1.4',468,0
469: p1_ec1='0.3', p2_ec2='0.05', p3_ec3='0.25', p4_ec4='0.4', p5_arg='2', p6_lys='1.6', p7_met='1.6', p8_phe='1.5',469,0
470: p1_ec1='0.55', p2_ec2='0.3', p3_ec3='0.1', p4_ec4='0.05', p5_arg='1.6', p6_lys='1.1', p7_met='1.2', p8_phe='2',470,0.788708
471: p1_ec1='0.3', p2_ec2='0.05', p3_ec3='0.20', p4_ec4='0.45', p5_arg='1.7', p6_lys='1.6', p7_met='1.3', p8_phe='1.8',471,0
472: p1_ec1='0.45', p2_ec2='0.3', p3_ec3='0.20', p4_ec4='0.05', p5_arg='1.6', p6_lys='1.2', p7_met='1.5', p8_phe='1.4',472,0.856025
473: p1_ec1='0.25', p2_ec2='0.05', p3_ec3='0.4', p4_ec4='0.3', p5_arg='1.6', p6_lys='1.6', p7_met='1.3', p8_phe='1.7',473,0
474: p1_ec1='0.1', p2_ec2='0.1', p3_ec3='0.6', p4_ec4='0.20', p5_arg='1.5', p6_lys='2', p7_met='1.9', p8_phe='1.8',474,0
475: p1_ec1='0.35', p2_ec2='0.1', p3_ec3='0.15', p4_ec4='0.4', p5_arg='1.6', p6_lys='1.4', p7_met='1.9', p8_phe='1',475,0.948896
476: p1_ec1='0.45', p2_ec2='0.05', p3_ec3='0.05', p4_ec4='0.45', p5_arg='1.5', p6_lys='1.5', p7_met='1.5', p8_phe='1',476,0
477: p1_ec1='0.35', p2_ec2='0.1', p3_ec3='0.15', p4_ec4='0.4', p5_arg='1.4', p6_lys='1.4', p7_met='2', p8_phe='1.1',477,0
478: p1_ec1='0.1', p2_ec2='0.65', p3_ec3='0.20', p4_ec4='0.05', p5_arg='1', p6_lys='1.3', p7_met='2', p8_phe='1.8',478,0
479: p1_ec1='0.6', p2_ec2='0.05', p3_ec3='0.15', p4_ec4='0.20', p5_arg='1.5', p6_lys='1.7', p7_met='1.7', p8_phe='1.2',479,0.785634
480: p1_ec1='0.55', p2_ec2='0.20', p3_ec3='0.15', p4_ec4='0.1', p5_arg='1.8', p6_lys='2', p7_met='1.3', p8_phe='1.3',480,0.941863
481: p1_ec1='0.35', p2_ec2='0.20', p3_ec3='0.1', p4_ec4='0.35', p5_arg='1.2', p6_lys='1.5', p7_met='1.6', p8_phe='1.5',481,0.924202
482: p1_ec1='0.35', p2_ec2='0.1', p3_ec3='0.15', p4_ec4='0.4', p5_arg='1.2', p6_lys='1.9', p7_met='1.1', p8_phe='1.2',482,0
483: p1_ec1='0.45', p2_ec2='0.20', p3_ec3='0.1', p4_ec4='0.25', p5_arg='1.2', p6_lys='1.5', p7_met='1.6', p8_phe='1.2',483,0.944365
484: p1_ec1='0.65', p2_ec2='0.05', p3_ec3='0.15', p4_ec4='0.15', p5_arg='2', p6_lys='1.6', p7_met='1.4', p8_phe='1.6',484,0.912483
485: p1_ec1='0.4', p2_ec2='0.20', p3_ec3='0.15', p4_ec4='0.25', p5_arg='1.1', p6_lys='1.7', p7_met='1.5', p8_phe='1.2',485,0.919797
486: p1_ec1='0.5', p2_ec2='0.3', p3_ec3='0.1', p4_ec4='0.1', p5_arg='2', p6_lys='1.5', p7_met='2', p8_phe='1.7',486,0.913182
487: p1_ec1='0.45', p2_ec2='0.15', p3_ec3='0.05', p4_ec4='0.35', p5_arg='1.1', p6_lys='1.3', p7_met='1.2', p8_phe='1.8',487,0.869097
488: p1_ec1='0.65', p2_ec2='0.1', p3_ec3='0.05', p4_ec4='0.20', p5_arg='1.8', p6_lys='1.4', p7_met='1.2', p8_phe='1.1',488,0.872662
489: p1_ec1='0.6', p2_ec2='0.20', p3_ec3='0.15', p4_ec4='0.05', p5_arg='1', p6_lys='1.8', p7_met='1.6', p8_phe='1.4',489,0.888442
490: p1_ec1='0.1', p2_ec2='0.1', p3_ec3='0.1', p4_ec4='0.7', p5_arg='1.3', p6_lys='1.5', p7_met='1.8', p8_phe='1.4',490,0
491: p1_ec1='0.35', p2_ec2='0.1', p3_ec3='0.05', p4_ec4='0.5', p5_arg='1.5', p6_lys='1.8', p7_met='1.5', p8_phe='1.1',491,0.935366
492: p1_ec1='0.05', p2_ec2='0.25', p3_ec3='0.1', p4_ec4='0.6', p5_arg='1.2', p6_lys='1.2', p7_met='1', p8_phe='1.7',492,0
493: p1_ec1='0.6', p2_ec2='0.05', p3_ec3='0.05', p4_ec4='0.3', p5_arg='1.5', p6_lys='2', p7_met='1.8', p8_phe='1.5',493,0.897257
494: p1_ec1='0.05', p2_ec2='0.3', p3_ec3='0.55', p4_ec4='0.1', p5_arg='1.9', p6_lys='1.6', p7_met='1.9', p8_phe='1.5',494,0
495: p1_ec1='0.35', p2_ec2='0.15', p3_ec3='0.05', p4_ec4='0.45', p5_arg='1.1', p6_lys='1.8', p7_met='1', p8_phe='1.4',495,0
496: p1_ec1='0.25', p2_ec2='0.5', p3_ec3='0.20', p4_ec4='0.05', p5_arg='1.6', p6_lys='1', p7_met='1.2', p8_phe='1.1',496,0
497: p1_ec1='0.4', p2_ec2='0.15', p3_ec3='0.05', p4_ec4='0.4', p5_arg='1', p6_lys='1.5', p7_met='1.3', p8_phe='1.3',497,0
498: p1_ec1='0.1', p2_ec2='0.4', p3_ec3='0.35', p4_ec4='0.15', p5_arg='1', p6_lys='1.5', p7_met='2', p8_phe='1.4',498,0
499: p1_ec1='0.6', p2_ec2='0.05', p3_ec3='0.1', p4_ec4='0.25', p5_arg='1.4', p6_lys='2', p7_met='1.8', p8_phe='1.2',499,0
500: p1_ec1='0.15', p2_ec2='0.20', p3_ec3='0.20', p4_ec4='0.45', p5_arg='1.9', p6_lys='1.6', p7_met='1.9', p8_phe='1.4',500,0
